away_manager_id,away_team_id,knockout_game,penalties,attendance,home_team_id,match_id,expanded_minutes,status,last_updated_utc,stadium_id,home_manager_id,away_goals,referee_id,matchweek,season_name,away_penalties,extra_time,home_goals,home_penalties,date,home_team,away_team,kickoff_utc,season,is_playoff,stage,home_team_abbr,team_abbreviation,home_team_name_ref,stadium_name,stadium_capacity,metro_population,avg_ticket_price_usd,conference,home_lat,home_lon,mls_debut_season,capacity_source,temperature_max,precipitation_sum,windspeed_max,weather_source,removal_reason,is_capacity_restricted
odMXxreMYL,jYQJ19EqGR,True,,1500.0,mvzqoLZQap,Vj58m7jEq8,97,FullTime,2020-12-15 05:11:13 UTC,p6qbeb850G,NPqxkDY59d,0,9z5kJ7gMA3,24,2020,,,3,,2020-12-12,Columbus Crew,Seattle Sounders FC,2020-12-13 01:30,2020,1,Playoff,CLB,CLB,Columbus Crew,Historic Crew Stadium,19968.0,2138926,42,East,40.0094,-82.9911,1996,match_venue,14.7,2.1,28.5,open_meteo,covid_bubble_2020,
OlMlYvy5Lz,kRQand1MKZ,True,,0.0,jYQJ19EqGR,NPqxXaNZq9,98,FullTime,2020-12-11 04:47:02 UTC,9Yqda07QvJ,odMXxreMYL,2,e7MzPKXqr0,26,2020,,,3,,2020-12-07,Seattle Sounders FC,Minnesota United FC,2020-12-08 02:30,2020,1,Playoff,SEA,SEA,Seattle Sounders FC,Lumen Field,38500.0,4044837,71,West,47.5952,-122.3316,2009,match_venue,11.4,0.1,23.1,open_meteo,covid_bubble_2020,
LeVq3j5WOJ,19vQ2095K6,True,,0.0,mvzqoLZQap,9vQ28Awx5K,96,FullTime,2020-12-09 22:32:21 UTC,p6qbeb850G,NPqxkDY59d,0,gjMNk4v5Kp,26,2020,,,1,,2020-12-06,Columbus Crew,New England Revolution,2020-12-06 20:00,2020,1,Playoff,CLB,CLB,Columbus Crew,Historic Crew Stadium,19968.0,2138926,42,East,40.0094,-82.9911,1996,match_venue,2.7,0.0,9.1,open_meteo,covid_bubble_2020,
OlMlYvy5Lz,kRQand1MKZ,True,,0.0,Z2vQ1xlqrA,odMX9xAo5Y,96,FullTime,2020-12-06 14:23:16 UTC,NPqxy6XQ9d,N6MmpyLQEG,3,Pk5LRpDQOW,25,2020,,,0,,2020-12-03,Sporting Kansas City,Minnesota United FC,2020-12-04 01:30,2020,1,Playoff,SKC,SKC,Sporting Kansas City,Children's Mercy Park,18467.0,2238279,51,West,39.1214,-94.821,1996,match_venue,4.3,0.3,11.1,open_meteo,covid_bubble_2020,
eV5DNVJQKn,mKAqBBmqbg,True,,0.0,jYQJ19EqGR,KXMeYoy1M6,96,FullTime,2020-12-04 14:18:25 UTC,9Yqda07QvJ,odMXxreMYL,0,KAqB3m7Qbg,25,2020,,,1,,2020-12-01,Seattle Sounders FC,FC Dallas,2020-12-02 02:30,2020,1,Playoff,SEA,SEA,Seattle Sounders FC,Lumen Field,38500.0,4044837,71,West,47.5952,-122.3316,2009,match_venue,8.2,0.0,15.8,open_meteo,covid_bubble_2020,
gOMnDkAqwN,vzqoOgNqap,True,,0.0,mvzqoLZQap,9Yqd8nymqv,127,FullTime,2020-12-03 13:23:40 UTC,p6qbeb850G,NPqxkDY59d,0,gjMNk4v5Kp,25,2020,,True,2,,2020-11-29,Columbus Crew,Nashville SC,2020-11-30 01:00,2020,1,Playoff,CLB,CLB,Columbus Crew,Historic Crew Stadium,19968.0,2138926,42,East,40.0094,-82.9911,1996,match_venue,10.1,0.0,11.2,open_meteo,covid_bubble_2020,
LeVq3j5WOJ,19vQ2095K6,True,,0.0,jYQJ8EW5GR,Vj58gA6rM8,99,FullTime,2020-12-02 06:16:09 UTC,vzqoJrj5ap,gjMNk8v5Kp,3,KPqjDeNM6v,25,2020,,,1,,2020-11-29,Orlando City SC,New England Revolution,2020-11-29 20:00,2020,1,Playoff,ORL,ORL,Orlando City SC,Inter&Co Stadium,25500.0,3238723,44,East,28.5411,-81.3893,2015,match_venue,25.7,0.1,14.0,open_meteo,covid_bubble_2020,
0Oq6zkzq6D,eVq3ya6MWO,True,,0.0,jYQJ19EqGR,OlMlaNyR5L,99,FullTime,2020-11-28 05:11:29 UTC,9Yqda07QvJ,odMXxreMYL,1,315VrXb59x,24,2020,,,3,,2020-11-24,Seattle Sounders FC,Los Angeles FC,2020-11-25 03:30,2020,1,Playoff,SEA,SEA,Seattle Sounders FC,Lumen Field,38500.0,4044837,71,West,47.5952,-122.3316,2009,match_venue,10.9,5.6,37.1,open_meteo,covid_bubble_2020,
LeVq3j5WOJ,19vQ2095K6,True,,0.0,9z5k7Yg5A3,a35rXaxwQL,98,FullTime,2020-12-11 15:53:33 UTC,NWMW8ZN5lz,0Oq6vPrq6D,2,odMX96a5YL,24,2020,,,0,,2020-11-24,Philadelphia Union,New England Revolution,2020-11-25 01:00,2020,1,Playoff,PHI,PHI,Philadelphia Union,Subaru Park,18500.0,6245051,46,East,39.8322,-75.3789,2010,match_venue,8.9,0.0,14.7,open_meteo,covid_bubble_2020,
gOMnDkAqwN,vzqoOgNqap,True,,0.0,kRQabn8MKZ,2vQ1lAJwqr,126,FullTime,2020-11-27 12:06:16 UTC,BLMvlGBqxe,Xj5Yx60Mbd,1,KAqB3m7Qbg,24,2020,,True,0,,2020-11-24,Toronto FC,Nashville SC,2020-11-24 23:00,2020,1,Playoff,TOR,TOR,Toronto FC,Pratt & Whitney Stadium at Rentschler Field,38066.0,6712000,69,East,41.7597,-72.6189,2007,match_venue,6.9,0.0,17.8,open_meteo,covid_bubble_2020,
eV5DNVJQKn,mKAqBBmqbg,True,True,0.0,WBLMvYAQxe,eV5DNbvJQK,133,FullTime,2020-12-13 17:25:30 UTC,p6qbX06M0G,gpMOYv1qzy,1,gjMNk4v5Kp,24,2020,8.0,True,1,7.0,2020-11-22,Portland Timbers FC,FC Dallas,2020-11-23 03:00,2020,1,Playoff,POR,POR,Portland Timbers FC,Providence Park,25218.0,2508050,58,West,45.5214,-122.6917,2011,match_venue,7.0,4.2,18.0,open_meteo,covid_bubble_2020,
0Oq6VPgq6D,pzeQZ6xQKw,True,,0.0,kRQand1MKZ,gjMN3x2p5K,95,FullTime,2020-11-26 12:17:24 UTC,odMXGRrQYL,OlMlYvy5Lz,0,EGMPLlxMaY,24,2020,,,3,,2020-11-22,Minnesota United FC,Colorado Rapids,2020-11-23 00:30,2020,1,Playoff,MIN,MIN,Minnesota United FC,Allianz Field,19400.0,3712020,49,West,44.9528,-93.165,2017,match_venue,5.7,1.5,16.6,open_meteo,covid_bubble_2020,
2vQ10jwqrA,0KPqjA456v,True,True,0.0,Z2vQ1xlqrA,315VoxAVq9,133,FullTime,2020-11-25 10:34:09 UTC,NPqxy6XQ9d,N6MmpyLQEG,3,7VqG6KX5vW,24,2020,0.0,True,3,3.0,2020-11-22,Sporting Kansas City,San Jose Earthquakes,2020-11-22 21:00,2020,1,Playoff,SKC,SKC,Sporting Kansas City,Children's Mercy Park,18467.0,2238279,51,West,39.1214,-94.821,1996,match_venue,11.4,0.1,14.3,open_meteo,covid_bubble_2020,
9z5kKNb5A3,a2lqRX2Mr0,True,,0.0,mvzqoLZQap,vzqo2DyB5a,102,FullTime,2020-11-24 06:52:15 UTC,p6qbeb850G,NPqxkDY59d,2,KPqjDeNM6v,24,2020,,,3,,2020-11-21,Columbus Crew,New York Red Bulls,2020-11-21 20:00,2020,1,Playoff,CLB,CLB,Columbus Crew,Historic Crew Stadium,19968.0,2138926,42,East,40.0094,-82.9911,1996,match_venue,10.4,4.0,12.8,open_meteo,covid_bubble_2020,
2lqRa4D5r0,Vj58weDM8n,True,True,0.0,jYQJ8EW5GR,gOMnX7NBqw,141,FullTime,2020-11-28 23:02:13 UTC,vzqoJrj5ap,gjMNk8v5Kp,1,vzqoWjkqap,24,2020,5.0,True,1,6.0,2020-11-21,Orlando City SC,New York City FC,2020-11-21 17:00,2020,1,Playoff,ORL,ORL,Orlando City SC,Inter&Co Stadium,25500.0,3238723,44,East,28.5411,-81.3893,2015,match_venue,24.8,0.8,21.9,open_meteo,covid_bubble_2020,
7VqG6WY5vW,zeQZkL1MKw,True,,3240.0,vzqoOgNqap,gpMOBYA7Qz,93,FullTime,2020-11-24 06:23:35 UTC,KXMe8pxQ64,gOMnDkAqwN,0,e7MzPKXqr0,23,2020,,,3,,2020-11-20,Nashville SC,Inter Miami CF,2020-11-21 02:00,2020,1,Playoff,NSH,NSH,Nashville SC,Nissan Stadium,69143.0,2107533,58,East,36.1664,-86.7714,2020,match_venue,20.0,0.0,15.1,open_meteo,covid_bubble_2020,
vzqokNkqap,APk5LGOMOW,True,,0.0,19vQ2095K6,0Oq6BAgzq6,98,FullTime,2020-11-24 08:12:40 UTC,wvq9p775Wn,LeVq3j5WOJ,1,9z5kJ7gMA3,23,2020,,,2,,2020-11-20,New England Revolution,CF Montréal,2020-11-20 23:30,2020,1,Playoff,NE,NE,New England Revolution,Gillette Stadium,65878.0,4941632,53,East,42.091,-71.264,1996,match_venue,14.7,0.0,22.4,open_meteo,covid_bubble_2020,
2vQ10jwqrA,0KPqjA456v,False,,0.0,jYQJ19EqGR,2lqRG7bDQr,93,FullTime,2020-11-12 08:20:17 UTC,9Yqda07QvJ,odMXxreMYL,1,9z5kJ7gMA3,24,2020,,,4,,2020-11-08,Seattle Sounders FC,San Jose Earthquakes,2020-11-08 23:30,2020,0,Regular Season,SEA,SEA,Seattle Sounders FC,Lumen Field,38500.0,4044837,71,West,47.5952,-122.3316,2009,match_venue,7.8,0.0,32.8,open_meteo,covid_bubble_2020,
eV5DNVJQKn,mKAqBBmqbg,False,,0.0,kRQand1MKZ,7VqGD32XQv,98,FullTime,2020-11-17 15:04:25 UTC,odMXGRrQYL,OlMlYvy5Lz,0,KAqB3m7Qbg,24,2020,,,3,,2020-11-08,Minnesota United FC,FC Dallas,2020-11-08 23:30,2020,0,Regular Season,MIN,MIN,Minnesota United FC,Allianz Field,19400.0,3712020,49,West,44.9528,-93.165,2017,match_venue,21.6,0.0,30.5,open_meteo,covid_bubble_2020,
0Oq6VPgq6D,pzeQZ6xQKw,False,,2327.0,YgOMngl5wN,KAqBPkl7Mb,96,FullTime,2020-11-13 13:58:48 UTC,0x5g6ojM7O,4wM4AAk5jB,2,KPqjDeNM6v,24,2020,,,1,,2020-11-08,Houston Dynamo FC,Colorado Rapids,2020-11-08 23:30,2020,0,Regular Season,HOU,HOU,Houston Dynamo FC,Shell Energy Stadium,22039.0,7386941,41,West,29.7522,-95.3524,2006,match_venue,26.3,0.4,15.3,open_meteo,covid_bubble_2020,
gpMOYv1qzy,WBLMvYAQxe,False,,0.0,eVq3ya6MWO,NWMWRoBzQl,98,FullTime,2020-11-11 19:54:26 UTC,7vQ7xbOMD1,0Oq6zkzq6D,1,0Oq6037M6D,24,2020,,,1,,2020-11-08,Los Angeles FC,Portland Timbers FC,2020-11-08 23:30,2020,0,Regular Season,LAFC,LAFC,Los Angeles FC,BMO Stadium,22000.0,13200998,78,West,34.013,-118.285,2018,match_venue,16.4,0.1,46.2,open_meteo,covid_bubble_2020,
N6MmpyLQEG,Z2vQ1xlqrA,False,,2770.0,a2lqR4JMr0,vzqo2JXv5a,95,FullTime,2020-11-12 11:21:31 UTC,e7MzlRjqr0,kRQa9zmQKZ,2,315VrXb59x,24,2020,,,0,,2020-11-08,Real Salt Lake,Sporting Kansas City,2020-11-08 23:30,2020,0,Regular Season,RSL,RSL,Real Salt Lake,America First Field,20213.0,1257936,44,West,40.5829,-111.8932,2005,match_venue,6.0,3.7,28.8,open_meteo,covid_bubble_2020,
4JMA4X9QKg,kaDQ0wRqEv,False,,0.0,lgpMOvnQzy,wvq9GXVlMW,97,FullTime,2020-11-12 09:03:46 UTC,p6qbX06M0G,0Oq6mxd56D,0,odMX96a5YL,24,2020,,,3,,2020-11-08,Vancouver Whitecaps FC,LA Galaxy,2020-11-08 23:30,2020,0,Regular Season,VAN,VAN,Vancouver Whitecaps FC,Providence Park,25218.0,2906000,52,West,45.5214,-122.6917,2011,match_venue,8.0,0.0,16.8,open_meteo,covid_bubble_2020,
Xj5Yx60Mbd,kRQabn8MKZ,False,,0.0,a2lqRX2Mr0,0Oq6BLR7q6,98,FullTime,2020-11-10 11:10:59 UTC,NWMW84L5lz,zeQZVw1QKw,1,EGMPLlxMaY,24,2020,,,2,,2020-11-08,New York Red Bulls,Toronto FC,2020-11-08 20:30,2020,0,Regular Season,NY,NY,New York Red Bulls,Red Bull Arena,25000.0,19979477,67,East,40.7367,-74.1503,1996,match_venue,21.7,0.0,10.7,open_meteo,covid_bubble_2020,
eV5DWdEMKn,NWMWlBK5lz,False,,0.0,zeQZkL1MKw,0x5gXW7jq7,97,FullTime,2020-11-11 21:01:57 UTC,0x5gJZjM7O,7VqG6WY5vW,1,wvq9vKlQWn,24,2020,,,2,,2020-11-08,Inter Miami CF,FC Cincinnati,2020-11-08 20:30,2020,0,Regular Season,MIA,MIA,Inter Miami CF,Chase Stadium,18000.0,6183199,88,East,26.1931,-80.1611,2020,match_venue,25.3,66.9,54.7,open_meteo,covid_bubble_2020,
0x5ggrR57O,KAqBN0Vqbg,False,,1500.0,mvzqoLZQap,Oa5wXd4Xq1,100,FullTime,2020-11-11 20:35:21 UTC,p6qbeb850G,NPqxkDY59d,1,e7MzPKXqr0,24,2020,,,2,,2020-11-08,Columbus Crew,Atlanta United FC,2020-11-08 20:30,2020,0,Regular Season,CLB,CLB,Columbus Crew,Historic Crew Stadium,19968.0,2138926,42,East,40.0094,-82.9911,1996,match_venue,22.4,0.0,11.0,open_meteo,covid_bubble_2020,
vzqokNkqap,APk5LGOMOW,False,,0.0,EKXMeX3Q64,eVq3JyOg5W,108,FullTime,2020-11-11 21:18:42 UTC,xW5pwORMg1,p6qbk3BQ0G,3,ljqExYw5x0,24,2020,,,2,,2020-11-08,D.C. United,CF Montréal,2020-11-08 20:30,2020,0,Regular Season,DC,DC,D.C. United,Audi Field,20000.0,6394598,50,East,38.8683,-77.0122,1996,match_venue,22.1,0.0,9.6,open_meteo,covid_bubble_2020,
LeVq3j5WOJ,19vQ2095K6,False,,2775.0,9z5k7Yg5A3,gOMnXYexqw,101,FullTime,2020-11-11 22:21:41 UTC,NWMW8ZN5lz,0Oq6vPrq6D,0,Pk5LRpDQOW,24,2020,,,2,,2020-11-08,Philadelphia Union,New England Revolution,2020-11-08 20:30,2020,0,Regular Season,PHI,PHI,Philadelphia Union,Subaru Park,18500.0,6245051,46,East,39.8322,-75.3789,2010,match_venue,22.1,0.0,10.4,open_meteo,covid_bubble_2020,
gOMnDkAqwN,vzqoOgNqap,False,,0.0,jYQJ8EW5GR,gpMOBeZRQz,99,FullTime,2020-11-11 21:08:57 UTC,vzqoJrj5ap,gjMNk8v5Kp,3,gOMnB7AMwN,24,2020,,,2,,2020-11-08,Orlando City SC,Nashville SC,2020-11-08 20:30,2020,0,Regular Season,ORL,ORL,Orlando City SC,Inter&Co Stadium,25500.0,3238723,44,East,28.5411,-81.3893,2015,match_venue,26.4,2.8,35.5,open_meteo,covid_bubble_2020,
2lqRa4D5r0,Vj58weDM8n,False,,0.0,X0Oq66zq6D,jYQJlgjE5G,97,FullTime,2020-11-11 20:17:22 UTC,gpMOzdEQzy,9Yqd8woqvJ,4,zeQZlGK5Kw,24,2020,,,3,,2020-11-08,Chicago Fire FC,New York City FC,2020-11-08 20:30,2020,0,Regular Season,CHI,CHI,Chicago Fire FC,Soldier Field,61500.0,9478801,48,East,41.8623,-87.6167,1998,match_venue,23.4,0.2,26.0,open_meteo,covid_bubble_2020,
odMXxreMYL,jYQJ19EqGR,False,,0.0,kaDQ0wRqEv,KPqjAbaP56,97,FullTime,2020-11-08 03:58:32 UTC,wvq9p1Y5Wn,4JMA4X9QKg,1,zeQZl7D5Kw,23,2020,,,1,,2020-11-04,LA Galaxy,Seattle Sounders FC,2020-11-05 04:00,2020,0,Regular Season,LA,LA,LA Galaxy,Dignity Health Sports Park,27000.0,13200998,65,West,33.864,-118.261,1996,match_venue,28.2,0.0,20.5,open_meteo,covid_bubble_2020,
0Oq6zkzq6D,eVq3ya6MWO,False,,0.0,0KPqjA456v,Oa5wX06Aq1,98,FullTime,2020-11-08 04:04:18 UTC,Vj58W84M8n,2vQ10jwqrA,2,kRQa9k8QKZ,23,2020,,,3,,2020-11-04,San Jose Earthquakes,Los Angeles FC,2020-11-05 04:00,2020,0,Regular Season,SJ,SJ,San Jose Earthquakes,PayPal Park,18000.0,1999107,47,West,37.3514,-121.925,1996,match_venue,23.8,0.0,17.3,open_meteo,covid_bubble_2020,
0Oq6VPgq6D,pzeQZ6xQKw,False,,0.0,WBLMvYAQxe,7VqGD3pYQv,99,FullTime,2020-11-08 03:38:12 UTC,p6qbX06M0G,gpMOYv1qzy,1,odMX96a5YL,16,2020,,,0,,2020-11-04,Portland Timbers FC,Colorado Rapids,2020-11-05 03:00,2020,0,Regular Season,POR,POR,Portland Timbers FC,Providence Park,25218.0,2508050,58,West,45.5214,-122.6917,2011,match_venue,17.7,2.3,22.1,open_meteo,covid_bubble_2020,
eV5DNVJQKn,mKAqBBmqbg,False,,3789.0,vzqoOgNqap,Oa5wX9pDq1,98,FullTime,2020-11-08 03:50:38 UTC,KXMe8pxQ64,gOMnDkAqwN,1,0Oq6vG2q6D,7,2020,,,0,,2020-11-04,Nashville SC,FC Dallas,2020-11-05 01:30,2020,0,Regular Season,NSH,NSH,Nashville SC,Nissan Stadium,69143.0,2107533,58,East,36.1664,-86.7714,2020,match_venue,20.2,0.0,11.2,open_meteo,covid_bubble_2020,
9Yqd8woqvJ,X0Oq66zq6D,False,,0.0,kRQand1MKZ,p6qbrgv3q0,101,FullTime,2020-11-08 03:46:28 UTC,odMXGRrQYL,OlMlYvy5Lz,2,2lqRymD5r0,18,2020,,,2,,2020-11-04,Minnesota United FC,Chicago Fire FC,2020-11-05 01:00,2020,0,Regular Season,MIN,MIN,Minnesota United FC,Allianz Field,19400.0,3712020,49,West,44.9528,-93.165,2017,match_venue,19.3,0.0,13.8,open_meteo,covid_bubble_2020,
NPqxkDY59d,mvzqoLZQap,False,,0.0,jYQJ8EW5GR,OlMlaB0R5L,103,FullTime,2020-11-06 13:42:31 UTC,vzqoJrj5ap,gjMNk8v5Kp,1,4wM4voBqjB,17,2020,,,2,,2020-11-04,Orlando City SC,Columbus Crew,2020-11-05 00:30,2020,0,Regular Season,ORL,ORL,Orlando City SC,Inter&Co Stadium,25500.0,3238723,44,East,28.5411,-81.3893,2015,match_venue,24.6,0.0,25.8,open_meteo,covid_bubble_2020,
kRQa9zmQKZ,a2lqR4JMr0,False,,0.0,kaDQ0wRqEv,N6MmXWdwQE,94,FullTime,2020-11-05 07:22:42 UTC,wvq9p1Y5Wn,4JMA4X9QKg,1,4JMAYlPMKg,23,2020,,,2,,2020-11-01,LA Galaxy,Real Salt Lake,2020-11-02 03:30,2020,0,Regular Season,LA,LA,LA Galaxy,Dignity Health Sports Park,27000.0,13200998,65,West,33.864,-118.261,1996,match_venue,29.2,0.0,14.1,open_meteo,covid_bubble_2020,
0Oq6mxd56D,lgpMOvnQzy,False,,0.0,WBLMvYAQxe,e7MzXZKPqr,101,FullTime,2020-11-05 09:46:07 UTC,p6qbX06M0G,gpMOYv1qzy,0,gjMNk4v5Kp,23,2020,,,1,,2020-11-01,Portland Timbers FC,Vancouver Whitecaps FC,2020-11-02 03:00,2020,0,Regular Season,POR,POR,Portland Timbers FC,Providence Park,25218.0,2508050,58,West,45.5214,-122.6917,2011,match_venue,16.5,0.0,20.4,open_meteo,covid_bubble_2020,
odMXxreMYL,jYQJ19EqGR,False,,0.0,pzeQZ6xQKw,ljqEyJeYqx,98,FullTime,2020-11-05 06:51:27 UTC,9z5ka6gQA3,0Oq6VPgq6D,1,a35rgjLqL6,23,2020,,,3,,2020-11-01,Colorado Rapids,Seattle Sounders FC,2020-11-02 02:00,2020,0,Regular Season,COL,COL,Colorado Rapids,Dick's Sporting Goods Park,18081.0,2963821,40,West,39.8056,-104.8919,1996,match_venue,17.7,0.0,16.9,open_meteo,covid_bubble_2020,
gjMNk8v5Kp,jYQJ8EW5GR,False,,0.0,APk5LGOMOW,4JMAVkrP5K,97,FullTime,2020-11-05 16:19:57 UTC,NWMW84L5lz,vzqokNkqap,1,KAqB3m7Qbg,23,2020,,,0,,2020-11-01,CF Montréal,Orlando City SC,2020-11-02 00:30,2020,0,Regular Season,MTL,MTL,CF Montréal,Red Bull Arena,25000.0,4292000,46,East,40.7367,-74.1503,2012,match_venue,13.9,8.5,28.8,open_meteo,covid_bubble_2020,
p6qbk3BQ0G,EKXMeX3Q64,False,,0.0,19vQ2095K6,BLMvX6A8qx,97,FullTime,2020-11-05 06:17:12 UTC,wvq9p775Wn,LeVq3j5WOJ,3,gOMnB7AMwN,23,2020,,,4,,2020-11-01,New England Revolution,D.C. United,2020-11-02 00:30,2020,0,Regular Season,NE,NE,New England Revolution,Gillette Stadium,65878.0,4941632,53,East,42.091,-71.264,1996,match_venue,10.0,12.1,15.7,open_meteo,covid_bubble_2020,
7VqG6WY5vW,zeQZkL1MKw,False,,1394.0,kRQabn8MKZ,p6qbrgVaq0,97,FullTime,2020-11-05 06:54:42 UTC,BLMvlGBqxe,Xj5Yx60Mbd,1,9vQ2mPaqK6,23,2020,,,2,,2020-11-01,Toronto FC,Inter Miami CF,2020-11-02 00:30,2020,0,Regular Season,TOR,TOR,Toronto FC,Pratt & Whitney Stadium at Rentschler Field,38066.0,6712000,69,East,41.7597,-72.6189,2007,match_venue,13.5,8.3,24.9,open_meteo,covid_bubble_2020,
zeQZVw1QKw,a2lqRX2Mr0,False,,0.0,Vj58weDM8n,4wM4wEnBQj,96,FullTime,2020-11-05 05:17:47 UTC,eVq32yn5WO,2lqRa4D5r0,2,odMX96a5YL,23,2020,,,5,,2020-11-01,New York City FC,New York Red Bulls,2020-11-02 00:00,2020,0,Regular Season,NYC,NYC,New York City FC,Yankee Stadium,28743.0,19979477,82,East,40.8292,-73.9264,2015,match_venue,14.1,8.8,30.9,open_meteo,covid_bubble_2020,
eV5DWdEMKn,NWMWlBK5lz,False,,6149.0,KAqBN0Vqbg,kRQa1WkOQK,98,FullTime,2020-11-05 05:01:03 UTC,NWMWoaeMlz,0x5ggrR57O,0,0Oq6037M6D,23,2020,,,2,,2020-11-01,Atlanta United FC,FC Cincinnati,2020-11-02 00:00,2020,0,Regular Season,ATL,ATL,Atlanta United FC,Mercedes-Benz Stadium,42500.0,6144050,52,East,33.7556,-84.4,2017,match_venue,19.3,0.3,30.8,open_meteo,covid_bubble_2020,
0Oq6vPrq6D,9z5k7Yg5A3,False,,1500.0,mvzqoLZQap,zeQZVeGNQK,96,FullTime,2020-11-04 10:04:47 UTC,p6qbeb850G,NPqxkDY59d,1,vzqoWjkqap,23,2020,,,2,,2020-11-01,Columbus Crew,Philadelphia Union,2020-11-01 20:30,2020,0,Regular Season,CLB,CLB,Columbus Crew,Historic Crew Stadium,19968.0,2138926,42,East,40.0094,-82.9911,1996,match_venue,11.3,0.9,33.2,open_meteo,covid_bubble_2020,
9Yqd8woqvJ,X0Oq66zq6D,False,,3987.0,vzqoOgNqap,xW5pXw205g,97,FullTime,2020-11-04 05:54:21 UTC,KXMe8pxQ64,gOMnDkAqwN,1,ljqEymNqx0,23,2020,,,1,,2020-10-31,Nashville SC,Chicago Fire FC,2020-11-01 00:30,2020,0,Regular Season,NSH,NSH,Nashville SC,Nissan Stadium,69143.0,2107533,58,East,36.1664,-86.7714,2020,match_venue,18.5,0.0,13.4,open_meteo,covid_bubble_2020,
4wM4AAk5jB,YgOMngl5wN,False,,4028.0,mKAqBBmqbg,KPqjAwrN56,99,FullTime,2020-11-03 08:39:00 UTC,eVq3alGMWO,eV5DNVJQKn,0,9z5kJ7gMA3,23,2020,,,3,,2020-10-31,FC Dallas,Houston Dynamo FC,2020-10-31 19:30,2020,0,Regular Season,DAL,DAL,FC Dallas,Toyota Stadium,20500.0,7759615,43,West,33.1544,-96.8353,1996,match_venue,19.8,0.0,19.2,open_meteo,covid_bubble_2020,
4wM4AAk5jB,YgOMngl5wN,False,,0.0,eVq3ya6MWO,NPqxXAZYq9,100,FullTime,2020-10-30 13:52:10 UTC,7vQ7xbOMD1,0Oq6zkzq6D,1,4wM4voBqjB,21,2020,,,2,,2020-10-28,Los Angeles FC,Houston Dynamo FC,2020-10-29 02:30,2020,0,Regular Season,LAFC,LAFC,Los Angeles FC,BMO Stadium,22000.0,13200998,78,West,34.013,-118.285,2018,match_venue,25.1,0.0,20.5,open_meteo,covid_bubble_2020,
kRQa9zmQKZ,a2lqR4JMr0,False,,0.0,0KPqjA456v,aDQ0rlgE5E,98,FullTime,2020-10-29 18:35:02 UTC,Vj58W84M8n,2vQ10jwqrA,0,9vQ28gY5K6,21,2020,,,2,,2020-10-28,San Jose Earthquakes,Real Salt Lake,2020-10-29 02:30,2020,0,Regular Season,SJ,SJ,San Jose Earthquakes,PayPal Park,18000.0,1999107,47,West,37.3514,-121.925,1996,match_venue,25.9,0.0,13.5,open_meteo,covid_bubble_2020,
,kaDQ0wRqEv,False,,0.0,WBLMvYAQxe,9vQ2846e5K,95,FullTime,2020-10-30 13:54:52 UTC,p6qbX06M0G,gpMOYv1qzy,2,Pk5LRpDQOW,21,2020,,,5,,2020-10-28,Portland Timbers FC,LA Galaxy,2020-10-29 02:00,2020,0,Regular Season,POR,POR,Portland Timbers FC,Providence Park,25218.0,2508050,58,West,45.5214,-122.6917,2011,match_venue,16.0,0.0,10.8,open_meteo,covid_bubble_2020,
7VqG6WY5vW,zeQZkL1MKw,False,,3233.0,mKAqBBmqbg,odMX9EYG5Y,99,FullTime,2020-10-30 14:59:35 UTC,eVq3alGMWO,eV5DNVJQKn,1,2lqRymD5r0,21,2020,,,2,,2020-10-28,FC Dallas,Inter Miami CF,2020-10-29 00:30,2020,0,Regular Season,DAL,DAL,FC Dallas,Toyota Stadium,20500.0,7759615,43,West,33.1544,-96.8353,1996,match_venue,9.9,26.4,23.4,open_meteo,covid_bubble_2020,
0Oq6VPgq6D,pzeQZ6xQKw,False,,0.0,kRQand1MKZ,KXMeY3N3M6,100,FullTime,2020-11-26 11:23:29 UTC,odMXGRrQYL,OlMlYvy5Lz,1,2lqRokLQr0,21,2020,,,2,,2020-10-28,Minnesota United FC,Colorado Rapids,2020-10-29 00:00,2020,0,Regular Season,MIN,MIN,Minnesota United FC,Allianz Field,19400.0,3712020,49,West,44.9528,-93.165,2017,match_venue,9.7,0.0,16.0,open_meteo,covid_bubble_2020,
NPqxkDY59d,mvzqoLZQap,False,,0.0,EKXMeX3Q64,eV5DNkdmQK,99,FullTime,2020-10-30 13:58:05 UTC,xW5pwORMg1,p6qbk3BQ0G,0,zeQZl7D5Kw,21,2020,,,1,,2020-10-28,D.C. United,Columbus Crew,2020-10-29 00:00,2020,0,Regular Season,DC,DC,D.C. United,Audi Field,20000.0,6394598,50,East,38.8683,-77.0122,1996,match_venue,23.0,0.0,14.7,open_meteo,covid_bubble_2020,
0x5ggrR57O,KAqBN0Vqbg,False,,0.0,jYQJ8EW5GR,OlMlaB8A5L,98,FullTime,2020-10-30 17:23:30 UTC,vzqoJrj5ap,gjMNk8v5Kp,1,KPqjDeNM6v,21,2020,,,4,,2020-10-28,Orlando City SC,Atlanta United FC,2020-10-28 23:30,2020,0,Regular Season,ORL,ORL,Orlando City SC,Inter&Co Stadium,25500.0,3238723,44,East,28.5411,-81.3893,2015,match_venue,29.9,0.8,18.2,open_meteo,covid_bubble_2020,
9Yqd8woqvJ,X0Oq66zq6D,False,,0.0,9z5k7Yg5A3,Vj58glkwM8,103,FullTime,2020-10-31 00:51:53 UTC,NWMW8ZN5lz,0Oq6vPrq6D,1,wvq9vKlQWn,21,2020,,,2,,2020-10-28,Philadelphia Union,Chicago Fire FC,2020-10-28 23:30,2020,0,Regular Season,PHI,PHI,Philadelphia Union,Subaru Park,18500.0,6245051,46,East,39.8322,-75.3789,2010,match_venue,20.0,0.2,20.2,open_meteo,covid_bubble_2020,
N6MmpyLQEG,Z2vQ1xlqrA,False,,0.0,NWMWlBK5lz,a35rXB0KQL,96,FullTime,2020-10-30 14:39:20 UTC,KAqBkLJQbg,eV5DWdEMKn,1,gOMnB7AMwN,21,2020,,,0,,2020-10-28,FC Cincinnati,Sporting Kansas City,2020-10-28 23:30,2020,0,Regular Season,CIN,CIN,FC Cincinnati,Nippert Stadium,32250.0,2271479,55,East,39.131,-84.516,2019,match_venue,13.6,2.8,9.6,open_meteo,covid_bubble_2020,
2lqRa4D5r0,Vj58weDM8n,False,,0.0,kRQabn8MKZ,jYQJlYyB5G,97,FullTime,2020-10-30 17:06:14 UTC,BLMvlGBqxe,Xj5Yx60Mbd,1,7VqG6KX5vW,22,2020,,,0,,2020-10-28,Toronto FC,New York City FC,2020-10-28 23:30,2020,0,Regular Season,TOR,TOR,Toronto FC,Pratt & Whitney Stadium at Rentschler Field,38066.0,6712000,69,East,41.7597,-72.6189,2007,match_venue,10.6,6.4,7.7,open_meteo,covid_bubble_2020,
LeVq3j5WOJ,19vQ2095K6,False,,0.0,a2lqRX2Mr0,2vQ1ldGLqr,98,FullTime,2020-10-30 03:51:27 UTC,NWMW84L5lz,9z5kKNb5A3,0,0Oq6037M6D,21,2020,,,1,,2020-10-28,New York Red Bulls,New England Revolution,2020-10-28 23:00,2020,0,Regular Season,NY,NY,New York Red Bulls,Red Bull Arena,25000.0,19979477,67,East,40.7367,-74.1503,1996,match_venue,16.4,2.7,14.1,open_meteo,covid_bubble_2020,
odMXxreMYL,jYQJ19EqGR,False,,0.0,lgpMOvnQzy,7vQ7WxA8QD,99,FullTime,2020-10-28 20:07:42 UTC,p6qbX06M0G,0Oq6mxd56D,2,zeQZlGK5Kw,21,2020,,,0,,2020-10-27,Vancouver Whitecaps FC,Seattle Sounders FC,2020-10-28 02:00,2020,0,Regular Season,VAN,VAN,Vancouver Whitecaps FC,Providence Park,25218.0,2906000,52,West,45.5214,-122.6917,2011,match_venue,12.9,0.0,8.1,open_meteo,covid_bubble_2020,
gOMnDkAqwN,vzqoOgNqap,False,,0.0,APk5LGOMOW,raMyYeDJMd,96,FullTime,2020-10-28 16:50:21 UTC,NWMW84L5lz,vzqokNkqap,1,e7MzPKXqr0,21,2020,,,0,,2020-10-27,CF Montréal,Nashville SC,2020-10-27 23:00,2020,0,Regular Season,MTL,MTL,CF Montréal,Red Bull Arena,25000.0,4292000,46,East,40.7367,-74.1503,2012,match_venue,15.7,0.6,13.4,open_meteo,covid_bubble_2020,
Xj5Yrklqbd,kaDQ0wRqEv,False,,0.0,eVq3ya6MWO,gjMN36N45K,101,FullTime,2020-10-27 00:38:33 UTC,7vQ7xbOMD1,0Oq6zkzq6D,0,315VrXb59x,20,2020,,,2,,2020-10-25,Los Angeles FC,LA Galaxy,2020-10-25 19:30,2020,0,Regular Season,LAFC,LAFC,Los Angeles FC,BMO Stadium,22000.0,13200998,78,West,34.013,-118.285,2018,match_venue,20.5,0.4,23.9,open_meteo,covid_bubble_2020,
2vQ10jwqrA,0KPqjA456v,False,,0.0,lgpMOvnQzy,Pk5LJ6PPQO,97,FullTime,2020-10-26 14:52:42 UTC,p6qbX06M0G,0Oq6mxd56D,1,0Oq6vG2q6D,20,2020,,,2,,2020-10-24,Vancouver Whitecaps FC,San Jose Earthquakes,2020-10-25 02:00,2020,0,Regular Season,VAN,VAN,Vancouver Whitecaps FC,Providence Park,25218.0,2906000,52,West,45.5214,-122.6917,2011,match_venue,11.8,0.0,24.7,open_meteo,covid_bubble_2020,
eV5DNVJQKn,mKAqBBmqbg,False,,4078.0,a2lqR4JMr0,315Vo7dGq9,95,FullTime,2020-10-26 12:55:32 UTC,e7MzlRjqr0,kRQa9zmQKZ,0,KPqjDeNM6v,20,2020,,,0,,2020-10-24,Real Salt Lake,FC Dallas,2020-10-25 01:30,2020,0,Regular Season,RSL,RSL,Real Salt Lake,America First Field,20213.0,1257936,44,West,40.5829,-111.8932,2005,match_venue,18.1,0.0,27.5,open_meteo,covid_bubble_2020,
0Oq6VPgq6D,pzeQZ6xQKw,False,,0.0,Z2vQ1xlqrA,9z5kK3GY5A,100,FullTime,2020-10-26 11:14:47 UTC,NPqxy6XQ9d,N6MmpyLQEG,0,Pk5LRpDQOW,20,2020,,,4,,2020-10-24,Sporting Kansas City,Colorado Rapids,2020-10-25 01:30,2020,0,Regular Season,SKC,SKC,Sporting Kansas City,Children's Mercy Park,18467.0,2238279,51,West,39.1214,-94.821,1996,match_venue,7.1,0.0,12.9,open_meteo,covid_bubble_2020,
NPqxkDY59d,mvzqoLZQap,False,,2237.0,YgOMngl5wN,2lqRG71DQr,98,FullTime,2020-10-27 18:33:40 UTC,0x5g6ojM7O,4wM4AAk5jB,1,odMX96a5YL,20,2020,,,1,,2020-10-24,Houston Dynamo FC,Columbus Crew,2020-10-25 01:00,2020,0,Regular Season,HOU,HOU,Houston Dynamo FC,Shell Energy Stadium,22039.0,7386941,41,West,29.7522,-95.3524,2006,match_venue,22.4,0.0,20.9,open_meteo,covid_bubble_2020,
vzqokNkqap,APk5LGOMOW,False,,0.0,Vj58weDM8n,0Oq6BLa7q6,98,FullTime,2020-10-27 00:10:43 UTC,eVq32yn5WO,2lqRa4D5r0,1,4wM4voBqjB,20,2020,,,3,,2020-10-24,New York City FC,CF Montréal,2020-10-24 23:30,2020,0,Regular Season,NYC,NYC,New York City FC,Yankee Stadium,28743.0,19979477,82,East,40.8292,-73.9264,2015,match_venue,21.2,0.3,20.1,open_meteo,covid_bubble_2020,
OlMlYvy5Lz,kRQand1MKZ,False,,0.0,NWMWlBK5lz,gOMnXYnxqw,95,FullTime,2020-10-26 12:03:23 UTC,KAqBkLJQbg,eV5DWdEMKn,1,ljqEymNqx0,20,2020,,,0,,2020-10-24,FC Cincinnati,Minnesota United FC,2020-10-24 23:30,2020,0,Regular Season,CIN,CIN,FC Cincinnati,Nippert Stadium,32250.0,2271479,55,East,39.131,-84.516,2019,match_venue,12.2,0.2,21.6,open_meteo,covid_bubble_2020,
9z5kKNb5A3,a2lqRX2Mr0,False,,0.0,X0Oq66zq6D,gpMOBeyRQz,97,FullTime,2020-10-26 14:35:52 UTC,gpMOzdEQzy,9Yqd8woqvJ,2,a35rgjLqL6,20,2020,,,2,,2020-10-24,Chicago Fire FC,New York Red Bulls,2020-10-24 23:30,2020,0,Regular Season,CHI,CHI,Chicago Fire FC,Soldier Field,61500.0,9478801,48,East,41.8623,-87.6167,1998,match_venue,6.4,0.0,23.3,open_meteo,covid_bubble_2020,
Xj5Yx60Mbd,kRQabn8MKZ,False,,0.0,9z5k7Yg5A3,vzqo2Jov5a,92,FullTime,2020-11-18 11:16:21 UTC,NWMW8ZN5lz,0Oq6vPrq6D,0,9z5kJ7gMA3,20,2020,,,5,,2020-10-24,Philadelphia Union,Toronto FC,2020-10-24 23:30,2020,0,Regular Season,PHI,PHI,Philadelphia Union,Subaru Park,18500.0,6245051,46,East,39.8322,-75.3789,2010,match_venue,23.6,0.0,18.7,open_meteo,covid_bubble_2020,
p6qbk3BQ0G,EKXMeX3Q64,False,,6130.0,KAqBN0Vqbg,7VqGD3oXQv,96,FullTime,2020-10-27 18:32:56 UTC,NWMWoaeMlz,0x5ggrR57O,2,gjMNk4v5Kp,20,2020,,,1,,2020-10-24,Atlanta United FC,D.C. United,2020-10-24 20:00,2020,0,Regular Season,ATL,ATL,Atlanta United FC,Mercedes-Benz Stadium,42500.0,6144050,52,East,33.7556,-84.4,2017,match_venue,21.6,35.1,9.8,open_meteo,covid_bubble_2020,
gjMNk8v5Kp,jYQJ8EW5GR,False,,2216.0,zeQZkL1MKw,0x5gXW3jq7,100,FullTime,2020-10-27 00:46:42 UTC,0x5gJZjM7O,7VqG6WY5vW,1,vzqoWjkqap,20,2020,,,2,,2020-10-24,Inter Miami CF,Orlando City SC,2020-10-24 19:30,2020,0,Regular Season,MIA,MIA,Inter Miami CF,Chase Stadium,18000.0,6183199,88,East,26.1931,-80.1611,2020,match_venue,28.3,10.4,21.3,open_meteo,covid_bubble_2020,
LeVq3j5WOJ,19vQ2095K6,False,,3727.0,vzqoOgNqap,wvq9GXZlMW,96,FullTime,2020-10-30 09:29:14 UTC,KXMe8pxQ64,gOMnDkAqwN,1,KAqB3m7Qbg,20,2020,,,1,,2020-10-23,Nashville SC,New England Revolution,2020-10-24 01:52,2020,0,Regular Season,NSH,NSH,Nashville SC,Nissan Stadium,69143.0,2107533,58,East,36.1664,-86.7714,2020,match_venue,25.1,39.0,18.8,open_meteo,covid_bubble_2020,
gpMOYv1qzy,WBLMvYAQxe,False,,0.0,jYQJ19EqGR,EGMPWR73Qa,102,FullTime,2020-10-23 18:13:54 UTC,9Yqda07QvJ,odMXxreMYL,1,e7MzPKXqr0,20,2020,,,1,,2020-10-22,Seattle Sounders FC,Portland Timbers FC,2020-10-23 02:30,2020,0,Regular Season,SEA,SEA,Seattle Sounders FC,Lumen Field,38500.0,4044837,71,West,47.5952,-122.3316,2009,match_venue,11.1,0.1,8.9,open_meteo,covid_bubble_2020,
eV5DNVJQKn,mKAqBBmqbg,False,,3502.0,vzqoOgNqap,NWMWRoezQl,95,FullTime,2020-10-25 20:25:45 UTC,KXMe8pxQ64,gOMnDkAqwN,0,zeQZl7D5Kw,20,2020,,,3,,2020-10-20,Nashville SC,FC Dallas,2020-10-21 00:30,2020,0,Regular Season,NSH,NSH,Nashville SC,Nissan Stadium,69143.0,2107533,58,East,36.1664,-86.7714,2020,match_venue,26.1,3.2,15.0,open_meteo,covid_bubble_2020,
0Oq6vPrq6D,9z5k7Yg5A3,False,,0.0,19vQ2095K6,gOMnXYnBqw,98,FullTime,2020-10-20 17:38:20 UTC,wvq9p775Wn,LeVq3j5WOJ,2,ljqExYw5x0,19,2020,,,1,,2020-10-19,New England Revolution,Philadelphia Union,2020-10-19 23:30,2020,0,Regular Season,NE,NE,New England Revolution,Gillette Stadium,65878.0,4941632,53,East,42.091,-71.264,1996,match_venue,17.3,0.0,10.7,open_meteo,covid_bubble_2020,
odMXxreMYL,jYQJ19EqGR,False,,0.0,0KPqjA456v,KAqBPkg7Mb,95,FullTime,2020-10-19 13:16:31 UTC,Vj58W84M8n,2vQ10jwqrA,0,315VrXb59x,19,2020,,,0,,2020-10-18,San Jose Earthquakes,Seattle Sounders FC,2020-10-19 02:30,2020,0,Regular Season,SJ,SJ,San Jose Earthquakes,PayPal Park,18000.0,1999107,47,West,37.3514,-121.925,1996,match_venue,30.7,0.0,16.3,open_meteo,covid_bubble_2020,
0Oq6mxd56D,lgpMOvnQzy,False,,0.0,kaDQ0wRqEv,eVq3Jy0g5W,97,FullTime,2020-10-19 14:11:41 UTC,wvq9p1Y5Wn,Xj5Yrklqbd,0,2lqRymD5r0,19,2020,,,1,,2020-10-18,LA Galaxy,Vancouver Whitecaps FC,2020-10-19 02:30,2020,0,Regular Season,LA,LA,LA Galaxy,Dignity Health Sports Park,27000.0,13200998,65,West,33.864,-118.261,1996,match_venue,28.3,0.0,15.7,open_meteo,covid_bubble_2020,
0Oq6zkzq6D,eVq3ya6MWO,False,,0.0,WBLMvYAQxe,Oa5wXdyXq1,104,FullTime,2020-10-20 00:37:27 UTC,p6qbX06M0G,gpMOYv1qzy,1,vzqoWjkqap,19,2020,,,1,,2020-10-18,Portland Timbers FC,Los Angeles FC,2020-10-19 02:00,2020,0,Regular Season,POR,POR,Portland Timbers FC,Providence Park,25218.0,2508050,58,West,45.5214,-122.6917,2011,match_venue,18.4,3.6,23.0,open_meteo,covid_bubble_2020,
4wM4AAk5jB,YgOMngl5wN,False,,0.0,kRQand1MKZ,2lqRG71xQr,98,FullTime,2020-10-19 15:49:11 UTC,odMXGRrQYL,OlMlYvy5Lz,2,9vQ28gY5K6,19,2020,,,2,,2020-10-18,Minnesota United FC,Houston Dynamo FC,2020-10-19 00:00,2020,0,Regular Season,MIN,MIN,Minnesota United FC,Allianz Field,19400.0,3712020,49,West,44.9528,-93.165,2017,match_venue,3.1,0.0,18.8,open_meteo,covid_bubble_2020,
p6qbk3BQ0G,EKXMeX3Q64,False,,0.0,NWMWlBK5lz,0Oq6BLazq6,99,FullTime,2020-10-19 02:03:22 UTC,KAqBkLJQbg,eV5DWdEMKn,2,9vQ2mPaqK6,19,2020,,,1,,2020-10-18,FC Cincinnati,D.C. United,2020-10-18 23:30,2020,0,Regular Season,CIN,CIN,FC Cincinnati,Nippert Stadium,32250.0,2271479,55,East,39.131,-84.516,2019,match_venue,15.9,2.4,17.6,open_meteo,covid_bubble_2020,
0x5ggrR57O,KAqBN0Vqbg,False,,0.0,kRQabn8MKZ,vzqo2JoB5a,96,FullTime,2020-10-19 13:43:51 UTC,BLMvlGBqxe,Xj5Yx60Mbd,0,zeQZlGK5Kw,19,2020,,,1,,2020-10-18,Toronto FC,Atlanta United FC,2020-10-18 23:30,2020,0,Regular Season,TOR,TOR,Toronto FC,Pratt & Whitney Stadium at Rentschler Field,38066.0,6712000,69,East,41.7597,-72.6189,2007,match_venue,16.3,0.0,15.3,open_meteo,covid_bubble_2020,
gjMNk8v5Kp,jYQJ8EW5GR,False,,0.0,a2lqRX2Mr0,7VqGD3oYQv,99,FullTime,2020-10-19 15:23:26 UTC,NWMW84L5lz,zeQZVw1QKw,1,Pk5LRpDQOW,19,2020,,,1,,2020-10-18,New York Red Bulls,Orlando City SC,2020-10-18 23:00,2020,0,Regular Season,NY,NY,New York Red Bulls,Red Bull Arena,25000.0,19979477,67,East,40.7367,-74.1503,1996,match_venue,17.1,0.0,23.5,open_meteo,covid_bubble_2020,
2lqRa4D5r0,Vj58weDM8n,False,,0.0,mvzqoLZQap,gpMOBey7Qz,101,FullTime,2020-10-31 16:11:53 UTC,p6qbeb850G,NPqxkDY59d,1,KPqjDeNM6v,19,2020,,,3,,2020-10-18,Columbus Crew,New York City FC,2020-10-18 22:00,2020,0,Regular Season,CLB,CLB,Columbus Crew,Historic Crew Stadium,19968.0,2138926,42,East,40.0094,-82.9911,1996,match_venue,13.5,0.8,19.9,open_meteo,covid_bubble_2020,
7VqG6WY5vW,zeQZkL1MKw,False,,0.0,APk5LGOMOW,NWMWRoeZQl,96,FullTime,2020-10-21 22:22:08 UTC,NWMW84L5lz,vzqokNkqap,1,kRQa9k8QKZ,19,2020,,,2,,2020-10-17,CF Montréal,Inter Miami CF,2020-10-17 23:00,2020,0,Regular Season,MTL,MTL,CF Montréal,Red Bull Arena,25000.0,4292000,46,East,40.7367,-74.1503,2012,match_venue,15.3,3.0,16.3,open_meteo,covid_bubble_2020,
N6MmpyLQEG,Z2vQ1xlqrA,False,,0.0,X0Oq66zq6D,KAqBPkgZMb,99,FullTime,2020-10-18 22:10:53 UTC,gpMOzdEQzy,9Yqd8woqvJ,2,gOMnB7AMwN,19,2020,,,2,,2020-10-17,Chicago Fire FC,Sporting Kansas City,2020-10-17 19:30,2020,0,Regular Season,CHI,CHI,Chicago Fire FC,Soldier Field,61500.0,9478801,48,East,41.8623,-87.6167,1998,match_venue,16.6,0.0,42.8,open_meteo,covid_bubble_2020,
2vQ10jwqrA,0KPqjA456v,False,,0.0,kaDQ0wRqEv,jYQJlgkd5G,94,FullTime,2020-10-17 12:09:36 UTC,wvq9p1Y5Wn,Xj5Yrklqbd,4,KPqjDeNM6v,18,2020,,,0,,2020-10-14,LA Galaxy,San Jose Earthquakes,2020-10-15 02:30,2020,0,Regular Season,LA,LA,LA Galaxy,Dignity Health Sports Park,27000.0,13200998,65,West,33.864,-118.261,1996,match_venue,32.9,0.0,12.0,open_meteo,covid_bubble_2020,
0Oq6zkzq6D,eVq3ya6MWO,False,,0.0,lgpMOvnQzy,Xj5Yk42EQb,98,FullTime,2020-10-15 16:12:57 UTC,p6qbX06M0G,0Oq6mxd56D,1,2lqRokLQr0,18,2020,,,2,,2020-10-14,Vancouver Whitecaps FC,Los Angeles FC,2020-10-15 02:00,2020,0,Regular Season,VAN,VAN,Vancouver Whitecaps FC,Providence Park,25218.0,2906000,52,West,45.5214,-122.6917,2011,match_venue,17.1,0.5,12.5,open_meteo,covid_bubble_2020,
gpMOYv1qzy,WBLMvYAQxe,False,,0.0,a2lqR4JMr0,e7MzXZ17qr,96,FullTime,2020-10-17 11:53:55 UTC,e7MzlRjqr0,kRQa9zmQKZ,1,KAqB3m7Qbg,18,2020,,,2,,2020-10-14,Real Salt Lake,Portland Timbers FC,2020-10-15 01:30,2020,0,Regular Season,RSL,RSL,Real Salt Lake,America First Field,20213.0,1257936,44,West,40.5829,-111.8932,2005,match_venue,17.8,0.0,21.7,open_meteo,covid_bubble_2020,
N6MmpyLQEG,Z2vQ1xlqrA,False,,2898.0,mKAqBBmqbg,ljqEyJONqx,96,FullTime,2020-10-17 11:39:16 UTC,eVq3alGMWO,eV5DNVJQKn,0,gjMNk4v5Kp,18,2020,,,1,,2020-10-14,FC Dallas,Sporting Kansas City,2020-10-15 00:30,2020,0,Regular Season,DAL,DAL,FC Dallas,Toyota Stadium,20500.0,7759615,43,West,33.1544,-96.8353,1996,match_venue,32.0,0.0,31.8,open_meteo,covid_bubble_2020,
gOMnDkAqwN,vzqoOgNqap,False,,1328.0,YgOMngl5wN,BLMvX6N7qx,95,FullTime,2020-10-17 10:15:04 UTC,0x5g6ojM7O,4wM4AAk5jB,3,7VqG6KX5vW,18,2020,,,1,,2020-10-14,Houston Dynamo FC,Nashville SC,2020-10-15 00:00,2020,0,Regular Season,HOU,HOU,Houston Dynamo FC,Shell Energy Stadium,22039.0,7386941,41,West,29.7522,-95.3524,2006,match_venue,29.7,0.0,18.1,open_meteo,covid_bubble_2020,
0Oq6vPrq6D,9z5k7Yg5A3,False,,0.0,EKXMeX3Q64,KPqjAw2E56,99,FullTime,2020-10-17 10:53:40 UTC,xW5pwORMg1,p6qbk3BQ0G,2,0Oq6vG2q6D,18,2020,,,2,,2020-10-14,D.C. United,Philadelphia Union,2020-10-15 00:00,2020,0,Regular Season,DC,DC,D.C. United,Audi Field,20000.0,6394598,50,East,38.8683,-77.0122,1996,match_venue,22.0,0.0,13.5,open_meteo,covid_bubble_2020,
0x5ggrR57O,KAqBN0Vqbg,False,,0.0,zeQZkL1MKw,XVqK82V2Q0,95,FullTime,2020-10-17 11:27:30 UTC,0x5gJZjM7O,7VqG6WY5vW,1,e7MzPKXqr0,18,2020,,,1,,2020-10-14,Inter Miami CF,Atlanta United FC,2020-10-15 00:00,2020,0,Regular Season,MIA,MIA,Inter Miami CF,Chase Stadium,18000.0,6183199,88,East,26.1931,-80.1611,2020,match_venue,29.1,1.9,18.4,open_meteo,covid_bubble_2020,
NPqxkDY59d,mvzqoLZQap,False,,0.0,NWMWlBK5lz,4JMAVkW95K,100,FullTime,2020-10-17 06:43:44 UTC,KAqBkLJQbg,eV5DWdEMKn,1,ljqExYw5x0,18,2020,,,2,,2020-10-14,FC Cincinnati,Columbus Crew,2020-10-14 23:30,2020,0,Regular Season,CIN,CIN,FC Cincinnati,Nippert Stadium,32250.0,2271479,55,East,39.131,-84.516,2019,match_venue,23.6,0.0,23.9,open_meteo,covid_bubble_2020,
2lqRa4D5r0,Vj58weDM8n,False,,0.0,jYQJ8EW5GR,4wM4wEjlQj,107,FullTime,2020-10-17 06:58:49 UTC,vzqoJrj5ap,gjMNk8v5Kp,1,zeQZl7D5Kw,18,2020,,,1,,2020-10-14,Orlando City SC,New York City FC,2020-10-14 23:30,2020,0,Regular Season,ORL,ORL,Orlando City SC,Inter&Co Stadium,25500.0,3238723,44,East,28.5411,-81.3893,2015,match_venue,29.3,0.4,11.8,open_meteo,covid_bubble_2020,
LeVq3j5WOJ,19vQ2095K6,False,,0.0,APk5LGOMOW,xW5pXwR65g,100,FullTime,2020-10-17 06:31:34 UTC,NWMW84L5lz,vzqokNkqap,3,odMX96a5YL,18,2020,,,2,,2020-10-14,CF Montréal,New England Revolution,2020-10-14 23:30,2020,0,Regular Season,MTL,MTL,CF Montréal,Red Bull Arena,25000.0,4292000,46,East,40.7367,-74.1503,2012,match_venue,20.5,0.0,15.0,open_meteo,covid_bubble_2020,
9z5kKNb5A3,a2lqRX2Mr0,False,,0.0,kRQabn8MKZ,zeQZVexjQK,95,FullTime,2020-10-17 09:49:28 UTC,BLMvlGBqxe,Xj5Yx60Mbd,1,wvq9vKlQWn,18,2020,,,1,,2020-10-14,Toronto FC,New York Red Bulls,2020-10-14 23:30,2020,0,Regular Season,TOR,TOR,Toronto FC,Pratt & Whitney Stadium at Rentschler Field,38066.0,6712000,69,East,41.7597,-72.6189,2007,match_venue,20.8,0.0,10.2,open_meteo,covid_bubble_2020,
2vQ10jwqrA,0KPqjA456v,False,,0.0,WBLMvYAQxe,odMX9Eoo5Y,98,FullTime,2020-10-14 09:54:03 UTC,p6qbX06M0G,gpMOYv1qzy,0,wvq9vKlQWn,17,2020,,,3,,2020-10-11,Portland Timbers FC,San Jose Earthquakes,2020-10-12 02:00,2020,0,Regular Season,POR,POR,Portland Timbers FC,Providence Park,25218.0,2508050,58,West,45.5214,-122.6917,2011,match_venue,14.3,10.6,34.7,open_meteo,covid_bubble_2020,
p6qbk3BQ0G,EKXMeX3Q64,False,,0.0,X0Oq66zq6D,2vQ1ldowqr,98,FullTime,2020-10-14 09:42:18 UTC,gpMOzdEQzy,9Yqd8woqvJ,1,vzqoWjkqap,17,2020,,,2,,2020-10-11,Chicago Fire FC,D.C. United,2020-10-11 23:30,2020,0,Regular Season,CHI,CHI,Chicago Fire FC,Soldier Field,61500.0,9478801,48,East,41.8623,-87.6167,1998,match_venue,19.4,0.9,25.5,open_meteo,covid_bubble_2020,
gOMnDkAqwN,vzqoOgNqap,False,,0.0,Z2vQ1xlqrA,9Yqd8wrmqv,97,FullTime,2020-10-14 09:04:13 UTC,NPqxy6XQ9d,N6MmpyLQEG,1,zeQZlGK5Kw,17,2020,,,2,,2020-10-11,Sporting Kansas City,Nashville SC,2020-10-11 23:30,2020,0,Regular Season,SKC,SKC,Sporting Kansas City,Children's Mercy Park,18467.0,2238279,51,West,39.1214,-94.821,1996,match_venue,28.5,0.0,24.8,open_meteo,covid_bubble_2020,
vzqokNkqap,APk5LGOMOW,False,,0.0,9z5k7Yg5A3,Xj5YkyzwQb,101,FullTime,2020-10-14 09:22:34 UTC,NWMW8ZN5lz,0Oq6vPrq6D,1,EGMPLlxMaY,18,2020,,,2,,2020-10-11,Philadelphia Union,CF Montréal,2020-10-11 23:30,2020,0,Regular Season,PHI,PHI,Philadelphia Union,Subaru Park,18500.0,6245051,46,East,39.8322,-75.3789,2010,match_venue,21.3,4.1,18.5,open_meteo,covid_bubble_2020,
Xj5Yx60Mbd,kRQabn8MKZ,False,,0.0,NWMWlBK5lz,a35rXBZwQL,102,FullTime,2020-10-14 12:38:54 UTC,KAqBkLJQbg,eV5DWdEMKn,1,KAqB3m7Qbg,17,2020,,,0,,2020-10-11,FC Cincinnati,Toronto FC,2020-10-11 23:30,2020,0,Regular Season,CIN,CIN,FC Cincinnati,Nippert Stadium,32250.0,2271479,55,East,39.131,-84.516,2019,match_venue,21.6,0.9,17.2,open_meteo,covid_bubble_2020,
odMXxreMYL,jYQJ19EqGR,False,,0.0,eVq3ya6MWO,9vQ284Rx5K,101,FullTime,2020-10-14 09:12:59 UTC,7vQ7xbOMD1,0Oq6zkzq6D,1,4wM4voBqjB,17,2020,,,3,,2020-10-11,Los Angeles FC,Seattle Sounders FC,2020-10-11 23:00,2020,0,Regular Season,LAFC,LAFC,Los Angeles FC,BMO Stadium,22000.0,13200998,78,West,34.013,-118.285,2018,match_venue,26.3,0.0,20.8,open_meteo,covid_bubble_2020,
LeVq3j5WOJ,19vQ2095K6,False,,0.0,Vj58weDM8n,eV5DNkxJQK,99,FullTime,2020-10-14 13:30:19 UTC,eVq32yn5WO,2lqRa4D5r0,2,gjMNk4v5Kp,17,2020,,,1,,2020-10-11,New York City FC,New England Revolution,2020-10-11 20:30,2020,0,Regular Season,NYC,NYC,New York City FC,Yankee Stadium,28743.0,19979477,82,East,40.8292,-73.9264,2015,match_venue,19.4,0.2,20.3,open_meteo,covid_bubble_2020,
kRQa9zmQKZ,a2lqR4JMr0,False,,0.0,lgpMOvnQzy,7vQ7WxLDQD,103,FullTime,2020-10-13 14:29:26 UTC,p6qbX06M0G,0Oq6mxd56D,1,zeQZl7D5Kw,17,2020,,,2,,2020-10-10,Vancouver Whitecaps FC,Real Salt Lake,2020-10-11 02:00,2020,0,Regular Season,VAN,VAN,Vancouver Whitecaps FC,Providence Park,25218.0,2906000,52,West,45.5214,-122.6917,2011,match_venue,16.0,32.5,22.7,open_meteo,covid_bubble_2020,
zeQZVw1QKw,a2lqRX2Mr0,False,,0.0,KAqBN0Vqbg,Pk5LJ6vDQO,96,FullTime,2020-10-12 07:38:29 UTC,NWMWoaeMlz,0x5ggrR57O,1,9z5kJ7gMA3,17,2020,,,0,,2020-10-10,Atlanta United FC,New York Red Bulls,2020-10-10 22:00,2020,0,Regular Season,ATL,ATL,Atlanta United FC,Mercedes-Benz Stadium,42500.0,6144050,52,East,33.7556,-84.4,2017,match_venue,26.4,21.2,24.3,open_meteo,covid_bubble_2020,
4wM4AAk5jB,YgOMngl5wN,False,,0.0,zeQZkL1MKw,EGMPWR30Qa,96,FullTime,2020-10-12 12:39:04 UTC,0x5gJZjM7O,7VqG6WY5vW,0,Pk5LRpDQOW,17,2020,,,1,,2020-10-10,Inter Miami CF,Houston Dynamo FC,2020-10-10 21:00,2020,0,Regular Season,MIA,MIA,Inter Miami CF,Chase Stadium,18000.0,6183199,88,East,26.1931,-80.1611,2020,match_venue,29.2,4.5,18.4,open_meteo,covid_bubble_2020,
gpMOYv1qzy,WBLMvYAQxe,False,,0.0,kaDQ0wRqEv,NPqxXABZq9,98,FullTime,2020-10-09 09:50:39 UTC,wvq9p1Y5Wn,Xj5Yrklqbd,6,4wM4voBqjB,17,2020,,,3,,2020-10-07,LA Galaxy,Portland Timbers FC,2020-10-08 02:30,2020,0,Regular Season,LA,LA,LA Galaxy,Dignity Health Sports Park,27000.0,13200998,65,West,33.864,-118.261,1996,match_venue,27.7,0.0,14.6,open_meteo,covid_bubble_2020,
0Oq6mxd56D,lgpMOvnQzy,False,,0.0,0KPqjA456v,eVq3Jy0w5W,100,FullTime,2020-10-09 22:53:05 UTC,Vj58W84M8n,2vQ10jwqrA,0,vzqoWjkqap,17,2020,,,3,,2020-10-07,San Jose Earthquakes,Vancouver Whitecaps FC,2020-10-08 02:30,2020,0,Regular Season,SJ,SJ,San Jose Earthquakes,PayPal Park,18000.0,1999107,47,West,37.3514,-121.925,1996,match_venue,22.2,0.0,17.4,open_meteo,covid_bubble_2020,
kRQa9zmQKZ,a2lqR4JMr0,False,,0.0,jYQJ19EqGR,0x5gXW3Rq7,96,FullTime,2020-10-09 08:48:03 UTC,9Yqda07QvJ,odMXxreMYL,1,gOMnB7AMwN,17,2020,,,2,,2020-10-07,Seattle Sounders FC,Real Salt Lake,2020-10-08 02:00,2020,0,Regular Season,SEA,SEA,Seattle Sounders FC,Lumen Field,38500.0,4044837,71,West,47.5952,-122.3316,2009,match_venue,17.0,0.0,10.4,open_meteo,covid_bubble_2020,
9Yqd8woqvJ,X0Oq66zq6D,False,,0.0,Z2vQ1xlqrA,eV5DN2RnQK,98,FullTime,2020-10-11 13:48:55 UTC,NPqxy6XQ9d,N6MmpyLQEG,0,0Oq6vG2q6D,17,2020,,,1,,2020-10-07,Sporting Kansas City,Chicago Fire FC,2020-10-08 00:30,2020,0,Regular Season,SKC,SKC,Sporting Kansas City,Children's Mercy Park,18467.0,2238279,51,West,39.1214,-94.821,1996,match_venue,29.2,0.0,16.5,open_meteo,covid_bubble_2020,
vzqoAjJMap,EKXMeX3Q64,False,,0.0,Vj58weDM8n,vzqo2JaB5a,97,FullTime,2020-10-09 06:59:42 UTC,eVq32yn5WO,2lqRa4D5r0,1,Pk5LRpDQOW,17,2020,,,4,,2020-10-07,New York City FC,D.C. United,2020-10-08 00:15,2020,0,Regular Season,NYC,NYC,New York City FC,Yankee Stadium,28743.0,19979477,82,East,40.8292,-73.9264,2015,match_venue,24.3,0.1,30.9,open_meteo,covid_bubble_2020,
eV5DNVJQKn,mKAqBBmqbg,False,,1582.0,YgOMngl5wN,raMyYeWNMd,105,FullTime,2020-10-09 08:51:03 UTC,0x5g6ojM7O,4wM4AAk5jB,0,e7MzPKXqr0,17,2020,,,2,,2020-10-07,Houston Dynamo FC,FC Dallas,2020-10-08 00:00,2020,0,Regular Season,HOU,HOU,Houston Dynamo FC,Shell Energy Stadium,22039.0,7386941,41,West,29.7522,-95.3524,2006,match_venue,30.0,0.4,12.0,open_meteo,covid_bubble_2020,
vzqokNkqap,APk5LGOMOW,False,,1401.0,mvzqoLZQap,7vQ7WewGQD,99,FullTime,2020-10-09 07:44:59 UTC,p6qbeb850G,NPqxkDY59d,2,2lqRymD5r0,17,2020,,,1,,2020-10-07,Columbus Crew,CF Montréal,2020-10-07 23:30,2020,0,Regular Season,CLB,CLB,Columbus Crew,Historic Crew Stadium,19968.0,2138926,42,East,40.0094,-82.9911,1996,match_venue,24.6,0.0,23.4,open_meteo,covid_bubble_2020,
eV5DWdEMKn,NWMWlBK5lz,False,,0.0,9z5k7Yg5A3,Oa5wXdyWq1,100,FullTime,2020-10-09 09:40:54 UTC,NWMW8ZN5lz,0Oq6vPrq6D,0,4JMAYlPMKg,17,2020,,,3,,2020-10-07,Philadelphia Union,FC Cincinnati,2020-10-07 23:30,2020,0,Regular Season,PHI,PHI,Philadelphia Union,Subaru Park,18500.0,6245051,46,East,39.8322,-75.3789,2010,match_venue,24.2,0.0,27.5,open_meteo,covid_bubble_2020,
Xj5Yx60Mbd,kRQabn8MKZ,False,,0.0,19vQ2095K6,aDQ0rlnR5E,95,FullTime,2020-10-09 22:43:01 UTC,wvq9p775Wn,LeVq3j5WOJ,1,7VqG6KX5vW,17,2020,,,0,,2020-10-07,New England Revolution,Toronto FC,2020-10-07 23:30,2020,0,Regular Season,NE,NE,New England Revolution,Gillette Stadium,65878.0,4941632,53,East,42.091,-71.264,1996,match_venue,22.9,2.0,28.9,open_meteo,covid_bubble_2020,
7VqG6WY5vW,zeQZkL1MKw,False,,0.0,a2lqRX2Mr0,kRQa1WZbQK,98,FullTime,2020-10-09 06:50:43 UTC,NWMW84L5lz,9z5kKNb5A3,2,gjMNk4v5Kp,17,2020,,,1,,2020-10-07,New York Red Bulls,Inter Miami CF,2020-10-07 23:00,2020,0,Regular Season,NY,NY,New York Red Bulls,Red Bull Arena,25000.0,19979477,67,East,40.7367,-74.1503,1996,match_venue,24.6,0.3,28.5,open_meteo,covid_bubble_2020,
gjMNk8v5Kp,jYQJ8EW5GR,False,,0.0,KAqBN0Vqbg,wvq9GXymMW,96,FullTime,2020-10-09 06:32:34 UTC,NWMWoaeMlz,0x5ggrR57O,0,ljqExYw5x0,17,2020,,,0,,2020-10-07,Atlanta United FC,Orlando City SC,2020-10-07 23:00,2020,0,Regular Season,ATL,ATL,Atlanta United FC,Mercedes-Benz Stadium,42500.0,6144050,52,East,33.7556,-84.4,2017,match_venue,27.8,0.0,10.7,open_meteo,covid_bubble_2020,
OlMlYvy5Lz,kRQand1MKZ,False,,3478.0,vzqoOgNqap,2lqRG7WxQr,95,FullTime,2020-10-08 07:56:44 UTC,KXMe8pxQ64,gOMnDkAqwN,0,odMX96a5YL,17,2020,,,0,,2020-10-06,Nashville SC,Minnesota United FC,2020-10-07 00:30,2020,0,Regular Season,NSH,NSH,Nashville SC,Nissan Stadium,69143.0,2107533,58,East,36.1664,-86.7714,2020,match_venue,24.7,0.0,10.4,open_meteo,covid_bubble_2020,
0Oq6zkzq6D,eVq3ya6MWO,False,,3062.0,a2lqR4JMr0,gOMnXYpBqw,94,FullTime,2020-10-08 07:26:10 UTC,e7MzlRjqr0,kRQa9zmQKZ,3,7VqG6KX5vW,16,2020,,,1,,2020-10-04,Real Salt Lake,Los Angeles FC,2020-10-05 01:30,2020,0,Regular Season,RSL,RSL,Real Salt Lake,America First Field,20213.0,1257936,44,West,40.5829,-111.8932,2005,match_venue,26.1,0.0,17.3,open_meteo,covid_bubble_2020,
Xj5Yrklqbd,kaDQ0wRqEv,False,,0.0,0KPqjA456v,gpMOBew7Qz,100,FullTime,2020-10-06 14:04:50 UTC,Vj58W84M8n,2vQ10jwqrA,1,KAqB3m7Qbg,16,2020,,,2,,2020-10-03,San Jose Earthquakes,LA Galaxy,2020-10-04 02:30,2020,0,Regular Season,SJ,SJ,San Jose Earthquakes,PayPal Park,18000.0,1999107,47,West,37.3514,-121.925,1996,match_venue,35.5,0.0,16.3,open_meteo,covid_bubble_2020,
0Oq6mxd56D,lgpMOvnQzy,False,,0.0,jYQJ19EqGR,0Oq6BLPzq6,98,FullTime,2020-10-06 14:25:36 UTC,9Yqda07QvJ,odMXxreMYL,1,kRQa9k8QKZ,16,2020,,,3,,2020-10-03,Seattle Sounders FC,Vancouver Whitecaps FC,2020-10-04 02:00,2020,0,Regular Season,SEA,SEA,Seattle Sounders FC,Lumen Field,38500.0,4044837,71,West,47.5952,-122.3316,2009,match_venue,18.1,0.0,5.9,open_meteo,covid_bubble_2020,
NPqxkDY59d,mvzqoLZQap,False,,3572.0,mKAqBBmqbg,0x5gXWdRq7,99,FullTime,2020-10-07 09:29:06 UTC,eVq3alGMWO,eV5DNVJQKn,2,EGMPLlxMaY,16,2020,,,2,,2020-10-03,FC Dallas,Columbus Crew,2020-10-04 00:30,2020,0,Regular Season,DAL,DAL,FC Dallas,Toyota Stadium,20500.0,7759615,43,West,33.1544,-96.8353,1996,match_venue,28.3,0.0,20.8,open_meteo,covid_bubble_2020,
2lqRa4D5r0,Vj58weDM8n,False,,0.0,zeQZkL1MKw,KAqBPkXZMb,101,FullTime,2020-10-06 12:59:47 UTC,0x5gJZjM7O,7VqG6WY5vW,3,9z5kJ7gMA3,16,2020,,,2,,2020-10-03,Inter Miami CF,New York City FC,2020-10-04 00:00,2020,0,Regular Season,MIA,MIA,Inter Miami CF,Chase Stadium,18000.0,6183199,88,East,26.1931,-80.1611,2020,match_venue,27.6,36.1,20.0,open_meteo,covid_bubble_2020,
eV5DWdEMKn,NWMWlBK5lz,False,,0.0,kRQand1MKZ,NWMWRonZQl,98,FullTime,2020-10-06 13:56:22 UTC,odMXGRrQYL,OlMlYvy5Lz,0,0Oq6vG2q6D,16,2020,,,2,,2020-10-03,Minnesota United FC,FC Cincinnati,2020-10-04 00:00,2020,0,Regular Season,MIN,MIN,Minnesota United FC,Allianz Field,19400.0,3712020,49,West,44.9528,-93.165,2017,match_venue,11.3,0.0,8.8,open_meteo,covid_bubble_2020,
N6MmpyLQEG,Z2vQ1xlqrA,False,,2004.0,YgOMngl5wN,Pk5LJ6j7QO,100,FullTime,2020-10-06 16:00:21 UTC,0x5g6ojM7O,4wM4AAk5jB,2,315VrXb59x,16,2020,,,1,,2020-10-03,Houston Dynamo FC,Sporting Kansas City,2020-10-04 00:00,2020,0,Regular Season,HOU,HOU,Houston Dynamo FC,Shell Energy Stadium,22039.0,7386941,41,West,29.7522,-95.3524,2006,match_venue,27.3,0.0,16.1,open_meteo,covid_bubble_2020,
0Oq6vPrq6D,9z5k7Yg5A3,False,,0.0,kRQabn8MKZ,eVq3Jy9w5W,95,FullTime,2020-10-06 13:43:01 UTC,BLMvlGBqxe,Xj5Yx60Mbd,1,2lqRymD5r0,16,2020,,,2,,2020-10-03,Toronto FC,Philadelphia Union,2020-10-03 23:30,2020,0,Regular Season,TOR,TOR,Toronto FC,Pratt & Whitney Stadium at Rentschler Field,38066.0,6712000,69,East,41.7597,-72.6189,2007,match_venue,18.7,0.0,10.9,open_meteo,covid_bubble_2020,
gOMnDkAqwN,vzqoOgNqap,False,,0.0,19vQ2095K6,jYQJlg4d5G,95,FullTime,2020-10-06 11:18:02 UTC,wvq9p775Wn,LeVq3j5WOJ,0,gOMnB7AMwN,16,2020,,,0,,2020-10-03,New England Revolution,Nashville SC,2020-10-03 23:30,2020,0,Regular Season,NE,NE,New England Revolution,Gillette Stadium,65878.0,4941632,53,East,42.091,-71.264,1996,match_venue,19.0,0.0,10.6,open_meteo,covid_bubble_2020,
9Yqd8woqvJ,X0Oq66zq6D,False,,0.0,APk5LGOMOW,raMyYeOeMd,96,FullTime,2020-10-06 12:03:17 UTC,NWMW84L5lz,vzqokNkqap,2,wvq9vKlQWn,16,2020,,,2,,2020-10-03,CF Montréal,Chicago Fire FC,2020-10-03 23:30,2020,0,Regular Season,MTL,MTL,CF Montréal,Red Bull Arena,25000.0,4292000,46,East,40.7367,-74.1503,2012,match_venue,18.6,0.0,12.1,open_meteo,covid_bubble_2020,
0x5ggrR57O,KAqBN0Vqbg,False,,0.0,EKXMeX3Q64,gjMN36aj5K,102,FullTime,2020-10-06 08:48:32 UTC,xW5pwORMg1,vzqoAjJMap,4,odMX96a5YL,16,2020,,,0,,2020-10-03,D.C. United,Atlanta United FC,2020-10-03 23:00,2020,0,Regular Season,DC,DC,D.C. United,Audi Field,20000.0,6394598,50,East,38.8683,-77.0122,1996,match_venue,18.0,0.0,10.5,open_meteo,covid_bubble_2020,
zeQZVw1QKw,a2lqRX2Mr0,False,,0.0,jYQJ8EW5GR,Oa5wXd3Wq1,100,FullTime,2020-10-05 11:05:14 UTC,vzqoJrj5ap,gjMNk8v5Kp,1,zeQZlGK5Kw,16,2020,,,3,,2020-10-03,Orlando City SC,New York Red Bulls,2020-10-03 20:30,2020,0,Regular Season,ORL,ORL,Orlando City SC,Inter&Co Stadium,25500.0,3238723,44,East,28.5411,-81.3893,2015,match_venue,25.5,13.8,18.1,open_meteo,covid_bubble_2020,
odMXxreMYL,jYQJ19EqGR,False,,0.0,kaDQ0wRqEv,315Vo7vXq9,96,FullTime,2020-09-30 18:03:21 UTC,wvq9p1Y5Wn,Xj5Yrklqbd,3,9z5kJ7gMA3,15,2020,,,1,,2020-09-27,LA Galaxy,Seattle Sounders FC,2020-09-28 02:30,2020,0,Regular Season,LA,LA,LA Galaxy,Dignity Health Sports Park,27000.0,13200998,65,West,33.864,-118.261,1996,match_venue,26.9,0.0,14.2,open_meteo,covid_bubble_2020,
2vQ10jwqrA,0KPqjA456v,False,,0.0,eVq3ya6MWO,EGMPWRzkQa,97,FullTime,2020-09-30 17:58:12 UTC,7vQ7xbOMD1,0Oq6zkzq6D,2,e7MzPKXqr0,15,2020,,,1,,2020-09-27,Los Angeles FC,San Jose Earthquakes,2020-09-28 02:30,2020,0,Regular Season,LAFC,LAFC,Los Angeles FC,BMO Stadium,22000.0,13200998,78,West,34.013,-118.285,2018,match_venue,27.6,0.0,17.7,open_meteo,covid_bubble_2020,
gpMOYv1qzy,WBLMvYAQxe,False,,0.0,lgpMOvnQzy,9z5kK3va5A,99,FullTime,2020-09-30 17:15:25 UTC,p6qbX06M0G,0Oq6mxd56D,1,EGMPLlxMaY,15,2020,,,0,,2020-09-27,Vancouver Whitecaps FC,Portland Timbers FC,2020-09-28 02:00,2020,0,Regular Season,VAN,VAN,Vancouver Whitecaps FC,Providence Park,25218.0,2906000,52,West,45.5214,-122.6917,2011,match_venue,20.6,0.1,14.8,open_meteo,covid_bubble_2020,
gjMNk8v5Kp,jYQJ8EW5GR,False,,3113.0,mKAqBBmqbg,2lqRG7w4Qr,103,FullTime,2020-09-30 16:48:05 UTC,eVq3alGMWO,eV5DNVJQKn,0,4wM4voBqjB,15,2020,,,0,,2020-09-27,FC Dallas,Orlando City SC,2020-09-28 00:30,2020,0,Regular Season,DAL,DAL,FC Dallas,Toyota Stadium,20500.0,7759615,43,West,33.1544,-96.8353,1996,match_venue,32.2,0.9,34.9,open_meteo,covid_bubble_2020,
kRQa9zmQKZ,a2lqR4JMr0,False,,0.0,kRQand1MKZ,vzqo2J0p5a,99,FullTime,2020-09-30 16:19:05 UTC,odMXGRrQYL,OlMlYvy5Lz,0,Pk5LRpDQOW,15,2020,,,0,,2020-09-27,Minnesota United FC,Real Salt Lake,2020-09-28 00:00,2020,0,Regular Season,MIN,MIN,Minnesota United FC,Allianz Field,19400.0,3712020,49,West,44.9528,-93.165,2017,match_venue,18.8,2.2,29.9,open_meteo,covid_bubble_2020,
0x5ggrR57O,KAqBN0Vqbg,False,,0.0,X0Oq66zq6D,0Oq6BLGPq6,97,FullTime,2020-09-30 15:47:20 UTC,gpMOzdEQzy,9Yqd8woqvJ,0,315VrXb59x,15,2020,,,2,,2020-09-27,Chicago Fire FC,Atlanta United FC,2020-09-27 23:30,2020,0,Regular Season,CHI,CHI,Chicago Fire FC,Soldier Field,61500.0,9478801,48,East,41.8623,-87.6167,1998,match_venue,26.1,0.1,34.2,open_meteo,covid_bubble_2020,
NPqxkDY59d,mvzqoLZQap,False,,0.0,kRQabn8MKZ,gOMnXYxeqw,98,FullTime,2020-09-30 16:28:40 UTC,BLMvlGBqxe,Xj5Yx60Mbd,1,kRQa9k8QKZ,15,2020,,,3,,2020-09-27,Toronto FC,Columbus Crew,2020-09-27 23:30,2020,0,Regular Season,TOR,TOR,Toronto FC,Pratt & Whitney Stadium at Rentschler Field,38066.0,6712000,69,East,41.7597,-72.6189,2007,match_venue,26.4,0.6,16.3,open_meteo,covid_bubble_2020,
7VqG6WY5vW,zeQZkL1MKw,False,,0.0,9z5k7Yg5A3,gpMOBejyQz,104,FullTime,2020-09-30 16:07:10 UTC,NWMW8ZN5lz,0Oq6vPrq6D,0,9vQ28gY5K6,15,2020,,,3,,2020-09-27,Philadelphia Union,Inter Miami CF,2020-09-27 23:30,2020,0,Regular Season,PHI,PHI,Philadelphia Union,Subaru Park,18500.0,6245051,46,East,39.8322,-75.3789,2010,match_venue,25.1,1.8,8.3,open_meteo,covid_bubble_2020,
LeVq3j5WOJ,19vQ2095K6,False,,0.0,EKXMeX3Q64,0x5gXWrmq7,101,FullTime,2020-09-30 12:02:46 UTC,xW5pwORMg1,vzqoAjJMap,2,KPqjDeNM6v,15,2020,,,0,,2020-09-27,D.C. United,New England Revolution,2020-09-27 23:00,2020,0,Regular Season,DC,DC,D.C. United,Audi Field,20000.0,6394598,50,East,38.8683,-77.0122,1996,match_venue,24.9,1.5,11.7,open_meteo,covid_bubble_2020,
vzqokNkqap,APk5LGOMOW,False,,0.0,a2lqRX2Mr0,7VqGD3lxQv,95,FullTime,2020-09-30 15:37:45 UTC,NWMW84L5lz,zeQZVw1QKw,1,9vQ2mPaqK6,15,2020,,,4,,2020-09-27,New York Red Bulls,CF Montréal,2020-09-27 23:00,2020,0,Regular Season,NY,NY,New York Red Bulls,Red Bull Arena,25000.0,19979477,67,East,40.7367,-74.1503,1996,match_venue,25.4,0.5,17.5,open_meteo,covid_bubble_2020,
eV5DWdEMKn,NWMWlBK5lz,False,,0.0,Vj58weDM8n,NWMWRoGNQl,95,FullTime,2020-09-29 19:28:50 UTC,NWMW84L5lz,2lqRa4D5r0,0,gjMNk4v5Kp,15,2020,,,4,,2020-09-26,New York City FC,FC Cincinnati,2020-09-26 23:00,2020,0,Regular Season,NYC,NYC,New York City FC,Red Bull Arena,25000.0,19979477,82,East,40.7367,-74.1503,2015,match_venue,22.9,1.3,17.1,open_meteo,covid_bubble_2020,
4wM4AAk5jB,YgOMngl5wN,False,,0.0,vzqoOgNqap,KAqBPkyWMb,99,FullTime,2020-09-29 07:15:57 UTC,KXMe8pxQ64,gOMnDkAqwN,1,ljqExYw5x0,15,2020,,,1,,2020-09-26,Nashville SC,Houston Dynamo FC,2020-09-26 19:30,2020,0,Regular Season,NSH,NSH,Nashville SC,Nissan Stadium,69143.0,2107533,58,East,36.1664,-86.7714,2020,match_venue,25.5,0.3,10.5,open_meteo,covid_bubble_2020,
0Oq6mxd56D,lgpMOvnQzy,False,,0.0,eVq3ya6MWO,kRQa1WzjQK,95,FullTime,2020-10-14 19:06:00 UTC,7vQ7xbOMD1,0Oq6zkzq6D,0,ljqExYw5x0,14,2020,,,6,,2020-09-23,Los Angeles FC,Vancouver Whitecaps FC,2020-09-24 02:30,2020,0,Regular Season,LAFC,LAFC,Los Angeles FC,BMO Stadium,22000.0,13200998,78,West,34.013,-118.285,2018,match_venue,28.1,0.0,23.5,open_meteo,covid_bubble_2020,
odMXxreMYL,jYQJ19EqGR,False,,0.0,WBLMvYAQxe,xW5pXwJJ5g,100,FullTime,2020-09-24 15:25:24 UTC,p6qbX06M0G,gpMOYv1qzy,0,vzqoWjkqap,14,2020,,,1,,2020-09-23,Portland Timbers FC,Seattle Sounders FC,2020-09-24 02:00,2020,0,Regular Season,POR,POR,Portland Timbers FC,Providence Park,25218.0,2508050,58,West,45.5214,-122.6917,2011,match_venue,19.4,36.6,20.5,open_meteo,covid_bubble_2020,
Xj5Yrklqbd,kaDQ0wRqEv,False,,3943.0,a2lqR4JMr0,KPqjAwzY56,95,FullTime,2020-10-14 18:58:50 UTC,e7MzlRjqr0,kRQa9zmQKZ,0,zeQZl7D5Kw,14,2020,,,2,,2020-09-23,Real Salt Lake,LA Galaxy,2020-09-24 01:30,2020,0,Regular Season,RSL,RSL,Real Salt Lake,America First Field,20213.0,1257936,44,West,40.5829,-111.8932,2005,match_venue,28.2,0.0,17.6,open_meteo,covid_bubble_2020,
2vQ10jwqrA,0KPqjA456v,False,,0.0,pzeQZ6xQKw,aDQ0rlD35E,94,FullTime,2020-09-25 11:07:29 UTC,9z5ka6gQA3,0Oq6VPgq6D,0,Pk5LRpDQOW,14,2020,,,5,,2020-09-23,Colorado Rapids,San Jose Earthquakes,2020-09-24 01:00,2020,0,Regular Season,COL,COL,Colorado Rapids,Dick's Sporting Goods Park,18081.0,2963821,40,West,39.8056,-104.8919,1996,match_venue,28.1,0.4,10.7,open_meteo,covid_bubble_2020,
vzqoAjJMap,EKXMeX3Q64,False,,0.0,vzqoOgNqap,9vQ284rm5K,98,FullTime,2020-09-24 14:50:38 UTC,KXMe8pxQ64,gOMnDkAqwN,0,2lqRokLQr0,14,2020,,,1,,2020-09-23,Nashville SC,D.C. United,2020-09-24 00:30,2020,0,Regular Season,NSH,NSH,Nashville SC,Nissan Stadium,69143.0,2107533,58,East,36.1664,-86.7714,2020,match_venue,18.8,3.6,9.1,open_meteo,covid_bubble_2020,
zeQZVw1QKw,a2lqRX2Mr0,False,,0.0,zeQZkL1MKw,odMX9Ezx5Y,95,FullTime,2020-09-25 08:13:18 UTC,0x5gJZjM7O,7VqG6WY5vW,4,KPqjDeNM6v,14,2020,,,1,,2020-09-23,Inter Miami CF,New York Red Bulls,2020-09-24 00:00,2020,0,Regular Season,MIA,MIA,Inter Miami CF,Chase Stadium,18000.0,6183199,88,East,26.1931,-80.1611,2020,match_venue,29.1,0.0,21.2,open_meteo,covid_bubble_2020,
OlMlYvy5Lz,kRQand1MKZ,False,,1455.0,mvzqoLZQap,9Yqd8wzEqv,97,FullTime,2020-09-25 07:40:08 UTC,p6qbeb850G,NPqxkDY59d,1,e7MzPKXqr0,14,2020,,,2,,2020-09-23,Columbus Crew,Minnesota United FC,2020-09-23 23:30,2020,0,Regular Season,CLB,CLB,Columbus Crew,Historic Crew Stadium,19968.0,2138926,42,East,40.0094,-82.9911,1996,match_venue,25.2,0.0,8.7,open_meteo,covid_bubble_2020,
gjMNk8v5Kp,jYQJ8EW5GR,False,,0.0,Z2vQ1xlqrA,NPqxXAOXq9,100,FullTime,2020-09-25 07:20:37 UTC,NPqxy6XQ9d,N6MmpyLQEG,2,2lqRymD5r0,14,2020,,,1,,2020-09-23,Sporting Kansas City,Orlando City SC,2020-09-23 23:30,2020,0,Regular Season,SKC,SKC,Sporting Kansas City,Children's Mercy Park,18467.0,2238279,51,West,39.1214,-94.821,1996,match_venue,24.5,0.3,10.3,open_meteo,covid_bubble_2020,
4wM4AAk5jB,YgOMngl5wN,False,,0.0,X0Oq66zq6D,OlMlaBzD5L,96,FullTime,2020-09-29 21:54:51 UTC,gpMOzdEQzy,9Yqd8woqvJ,0,0Oq6vG2q6D,14,2020,,,4,,2020-09-23,Chicago Fire FC,Houston Dynamo FC,2020-09-23 23:30,2020,0,Regular Season,CHI,CHI,Chicago Fire FC,Soldier Field,61500.0,9478801,48,East,41.8623,-87.6167,1998,match_venue,25.0,0.0,17.3,open_meteo,covid_bubble_2020,
0Oq6vPrq6D,9z5k7Yg5A3,False,,0.0,NWMWlBK5lz,Vj58glJLM8,99,FullTime,2020-09-25 09:00:09 UTC,KAqBkLJQbg,eV5DWdEMKn,0,wvq9vKlQWn,14,2020,,,0,,2020-09-23,FC Cincinnati,Philadelphia Union,2020-09-23 23:30,2020,0,Regular Season,CIN,CIN,FC Cincinnati,Nippert Stadium,32250.0,2271479,55,East,39.131,-84.516,2019,match_venue,23.3,0.0,8.4,open_meteo,covid_bubble_2020,
eV5DNVJQKn,mKAqBBmqbg,False,,0.0,KAqBN0Vqbg,2vQ1ld1Oqr,97,FullTime,2020-09-25 11:12:33 UTC,NWMWoaeMlz,0x5ggrR57O,0,kRQa9k8QKZ,14,2020,,,1,,2020-09-23,Atlanta United FC,FC Dallas,2020-09-23 23:00,2020,0,Regular Season,ATL,ATL,Atlanta United FC,Mercedes-Benz Stadium,42500.0,6144050,52,East,33.7556,-84.4,2017,match_venue,23.0,0.0,9.3,open_meteo,covid_bubble_2020,
Xj5Yx60Mbd,kRQabn8MKZ,False,,0.0,Vj58weDM8n,a35rXB32QL,100,FullTime,2020-09-25 07:27:09 UTC,NWMW84L5lz,2lqRa4D5r0,1,odMX96a5YL,14,2020,,,0,,2020-09-23,New York City FC,Toronto FC,2020-09-23 23:00,2020,0,Regular Season,NYC,NYC,New York City FC,Red Bull Arena,25000.0,19979477,82,East,40.7367,-74.1503,2015,match_venue,26.5,0.0,23.3,open_meteo,covid_bubble_2020,
vzqokNkqap,APk5LGOMOW,False,,0.0,19vQ2095K6,KXMeY3zPM6,97,FullTime,2020-09-25 12:20:33 UTC,wvq9p775Wn,LeVq3j5WOJ,1,zeQZlGK5Kw,14,2020,,,3,,2020-09-23,New England Revolution,CF Montréal,2020-09-23 21:00,2020,0,Regular Season,NE,NE,New England Revolution,Gillette Stadium,65878.0,4941632,53,East,42.091,-71.264,1996,match_venue,25.0,0.1,19.5,open_meteo,covid_bubble_2020,
0Oq6vPrq6D,9z5k7Yg5A3,False,,0.0,APk5LGOMOW,eV5DNk9nQK,99,FullTime,2020-09-22 01:21:35 UTC,NWMW84L5lz,vzqokNkqap,4,0Oq6vG2q6D,13,2020,,,1,,2020-09-20,CF Montréal,Philadelphia Union,2020-09-20 23:00,2020,0,Regular Season,MTL,MTL,CF Montréal,Red Bull Arena,25000.0,4292000,46,East,40.7367,-74.1503,2012,match_venue,16.7,0.0,17.7,open_meteo,covid_bubble_2020,
gpMOYv1qzy,WBLMvYAQxe,False,,0.0,0KPqjA456v,7vQ7WxXGQD,97,FullTime,2020-09-22 18:29:21 UTC,Vj58W84M8n,2vQ10jwqrA,6,9vQ2mPaqK6,13,2020,,,1,,2020-09-19,San Jose Earthquakes,Portland Timbers FC,2020-09-20 02:30,2020,0,Regular Season,SJ,SJ,San Jose Earthquakes,PayPal Park,18000.0,1999107,47,West,37.3514,-121.925,1996,match_venue,26.7,0.0,20.5,open_meteo,covid_bubble_2020,
0Oq6VPgq6D,pzeQZ6xQKw,False,,0.0,kaDQ0wRqEv,raMyYendMd,97,FullTime,2020-09-22 17:59:06 UTC,wvq9p1Y5Wn,Xj5Yrklqbd,2,EGMPLlxMaY,13,2020,,,0,,2020-09-19,LA Galaxy,Colorado Rapids,2020-09-20 02:30,2020,0,Regular Season,LA,LA,LA Galaxy,Dignity Health Sports Park,27000.0,13200998,65,West,33.864,-118.261,1996,match_venue,29.7,0.0,16.5,open_meteo,covid_bubble_2020,
0Oq6mxd56D,lgpMOvnQzy,False,,3409.0,a2lqR4JMr0,gjMN36rD5K,103,FullTime,2020-09-22 17:42:36 UTC,e7MzlRjqr0,kRQa9zmQKZ,2,315VrXb59x,13,2020,,,1,,2020-09-19,Real Salt Lake,Vancouver Whitecaps FC,2020-09-20 01:30,2020,0,Regular Season,RSL,RSL,Real Salt Lake,America First Field,20213.0,1257936,44,West,40.5829,-111.8932,2005,match_venue,26.0,0.5,19.5,open_meteo,covid_bubble_2020,
OlMlYvy5Lz,kRQand1MKZ,False,,2486.0,YgOMngl5wN,Pk5LJ6DYQO,99,FullTime,2020-09-29 23:34:02 UTC,0x5g6ojM7O,4wM4AAk5jB,2,2lqRymD5r0,13,2020,,,2,,2020-09-19,Houston Dynamo FC,Minnesota United FC,2020-09-20 00:00,2020,0,Regular Season,HOU,HOU,Houston Dynamo FC,Shell Energy Stadium,22039.0,7386941,41,West,29.7522,-95.3524,2006,match_venue,30.9,0.0,24.2,open_meteo,covid_bubble_2020,
Xj5Yx60Mbd,kRQabn8MKZ,False,,0.0,EKXMeX3Q64,9z5kK3zd5A,102,FullTime,2020-09-22 16:58:05 UTC,xW5pwORMg1,vzqoAjJMap,2,gjMNk4v5Kp,13,2020,,,2,,2020-09-19,D.C. United,Toronto FC,2020-09-19 23:30,2020,0,Regular Season,DC,DC,D.C. United,Audi Field,20000.0,6394598,50,East,38.8683,-77.0122,1996,match_venue,17.4,0.0,19.5,open_meteo,covid_bubble_2020,
9Yqd8woqvJ,X0Oq66zq6D,False,,0.0,jYQJ8EW5GR,EGMPWR86Qa,101,FullTime,2020-09-22 17:06:05 UTC,vzqoJrj5ap,gjMNk8v5Kp,1,7VqG6KX5vW,13,2020,,,4,,2020-09-19,Orlando City SC,Chicago Fire FC,2020-09-19 23:30,2020,0,Regular Season,ORL,ORL,Orlando City SC,Inter&Co Stadium,25500.0,3238723,44,East,28.5411,-81.3893,2015,match_venue,29.7,5.7,23.1,open_meteo,covid_bubble_2020,
gOMnDkAqwN,vzqoOgNqap,False,,1500.0,mvzqoLZQap,wvq9GXwBMW,99,FullTime,2020-09-22 16:41:49 UTC,p6qbeb850G,NPqxkDY59d,0,zeQZl7D5Kw,13,2020,,,2,,2020-09-19,Columbus Crew,Nashville SC,2020-09-19 23:30,2020,0,Regular Season,CLB,CLB,Columbus Crew,Historic Crew Stadium,19968.0,2138926,42,East,40.0094,-82.9911,1996,match_venue,18.2,0.0,14.0,open_meteo,covid_bubble_2020,
eV5DWdEMKn,NWMWlBK5lz,False,,0.0,a2lqRX2Mr0,2lqRG7eJQr,97,FullTime,2020-09-22 16:35:35 UTC,NWMW84L5lz,zeQZVw1QKw,1,KAqB3m7Qbg,13,2020,,,0,,2020-09-19,New York Red Bulls,FC Cincinnati,2020-09-19 23:00,2020,0,Regular Season,NY,NY,New York Red Bulls,Red Bull Arena,25000.0,19979477,67,East,40.7367,-74.1503,1996,match_venue,17.1,0.0,25.8,open_meteo,covid_bubble_2020,
7VqG6WY5vW,zeQZkL1MKw,False,,0.0,KAqBN0Vqbg,vzqo2JzJ5a,99,FullTime,2020-09-22 16:26:10 UTC,NWMWoaeMlz,0x5ggrR57O,2,9z5kJ7gMA3,13,2020,,,1,,2020-09-19,Atlanta United FC,Inter Miami CF,2020-09-19 23:00,2020,0,Regular Season,ATL,ATL,Atlanta United FC,Mercedes-Benz Stadium,42500.0,6144050,52,East,33.7556,-84.4,2017,match_venue,21.1,0.7,19.9,open_meteo,covid_bubble_2020,
2lqRa4D5r0,Vj58weDM8n,False,,0.0,19vQ2095K6,315Vo7znq9,95,FullTime,2020-09-25 07:13:53 UTC,wvq9p775Wn,LeVq3j5WOJ,0,4wM4voBqjB,13,2020,,,0,,2020-09-19,New England Revolution,New York City FC,2020-09-19 20:30,2020,0,Regular Season,NE,NE,New England Revolution,Gillette Stadium,65878.0,4941632,53,East,42.091,-71.264,1996,match_venue,16.5,0.0,18.9,open_meteo,covid_bubble_2020,
eV5DNVJQKn,mKAqBBmqbg,False,,0.0,Z2vQ1xlqrA,gOMnXYzlqw,100,FullTime,2020-09-22 02:44:25 UTC,NPqxy6XQ9d,N6MmpyLQEG,3,KPqjDeNM6v,13,2020,,,2,,2020-09-19,Sporting Kansas City,FC Dallas,2020-09-19 19:30,2020,0,Regular Season,SKC,SKC,Sporting Kansas City,Children's Mercy Park,18467.0,2238279,51,West,39.1214,-94.821,1996,match_venue,22.7,0.0,15.0,open_meteo,covid_bubble_2020,
0Oq6zkzq6D,eVq3ya6MWO,False,,0.0,jYQJ19EqGR,gpMOBelrQz,99,FullTime,2020-09-22 03:56:54 UTC,9Yqda07QvJ,odMXxreMYL,0,odMX96a5YL,13,2020,,,3,,2020-09-18,Seattle Sounders FC,Los Angeles FC,2020-09-19 02:00,2020,0,Regular Season,SEA,SEA,Seattle Sounders FC,Lumen Field,38500.0,4044837,71,West,47.5952,-122.3316,2009,match_venue,19.8,8.2,12.2,open_meteo,covid_bubble_2020,
gpMOYv1qzy,WBLMvYAQxe,False,,0.0,0KPqjA456v,9z5krlNgMA,99,FullTime,2020-09-18 22:28:00 UTC,Vj58W84M8n,2vQ10jwqrA,1,KPqjDeNM6v,6,2020,,,1,,2020-09-16,San Jose Earthquakes,Portland Timbers FC,2020-09-17 01:30,2020,0,Regular Season,SJ,SJ,San Jose Earthquakes,PayPal Park,18000.0,1999107,47,West,37.3514,-121.925,1996,match_venue,27.5,0.0,19.7,open_meteo,covid_bubble_2020,
vzqokNkqap,APk5LGOMOW,False,,0.0,lgpMOvnQzy,OlMllxEgML,98,FullTime,2020-09-18 10:41:55 UTC,ljqEDnO5x0,0Oq6mxd56D,1,Pk5LRpDQOW,13,2020,,,3,,2020-09-16,Vancouver Whitecaps FC,CF Montréal,2020-09-17 01:30,2020,0,Regular Season,VAN,VAN,Vancouver Whitecaps FC,BC Place,22120.0,2906000,52,West,49.2767,-123.1119,2011,match_venue,22.4,2.8,15.0,open_meteo,covid_bubble_2020,
0Oq6VPgq6D,pzeQZ6xQKw,False,,0.0,mKAqBBmqbg,aDQ0mgeWME,98,FullTime,2020-09-18 08:29:40 UTC,eVq3alGMWO,eV5DNVJQKn,1,e7MzPKXqr0,7,2020,,,4,,2020-09-16,FC Dallas,Colorado Rapids,2020-09-17 00:30,2020,0,Regular Season,DAL,DAL,FC Dallas,Toyota Stadium,20500.0,7759615,43,West,33.1544,-96.8353,1996,match_venue,29.2,1.5,14.7,open_meteo,covid_bubble_2020,
gpMOYv1qzy,WBLMvYAQxe,False,,0.0,eVq3ya6MWO,OlMll8dRML,99,FullTime,2020-09-14 23:26:04 UTC,7vQ7xbOMD1,0Oq6zkzq6D,2,9z5kJ7gMA3,12,2020,,,4,,2020-09-13,Los Angeles FC,Portland Timbers FC,2020-09-14 03:00,2020,0,Regular Season,LAFC,LAFC,Los Angeles FC,BMO Stadium,22000.0,13200998,78,West,34.013,-118.285,2018,match_venue,29.7,0.0,25.8,open_meteo,covid_bubble_2020,
Xj5Yrklqbd,kaDQ0wRqEv,False,,0.0,0KPqjA456v,Vj58mkjrq8,98,FullTime,2020-09-15 12:22:07 UTC,Vj58W84M8n,2vQ10jwqrA,0,kRQa9k8QKZ,12,2020,,,0,,2020-09-13,San Jose Earthquakes,LA Galaxy,2020-09-14 03:00,2020,0,Regular Season,SJ,SJ,San Jose Earthquakes,PayPal Park,18000.0,1999107,47,West,37.3514,-121.925,1996,match_venue,24.8,0.2,22.2,open_meteo,covid_bubble_2020,
vzqokNkqap,APk5LGOMOW,False,,0.0,lgpMOvnQzy,a35rg4EBqL,102,FullTime,2020-10-21 16:20:47 UTC,ljqEDnO5x0,0Oq6mxd56D,4,aDQ0mkPMEv,12,2020,,,2,,2020-09-13,Vancouver Whitecaps FC,CF Montréal,2020-09-14 01:30,2020,0,Regular Season,VAN,VAN,Vancouver Whitecaps FC,BC Place,22120.0,2906000,52,West,49.2767,-123.1119,2011,match_venue,19.2,0.0,11.8,open_meteo,covid_bubble_2020,
OlMlYvy5Lz,kRQand1MKZ,False,,0.0,Z2vQ1xlqrA,a35rg0WwqL,96,FullTime,2020-09-15 19:39:47 UTC,NPqxy6XQ9d,N6MmpyLQEG,0,315VrXb59x,12,2020,,,1,,2020-09-13,Sporting Kansas City,Minnesota United FC,2020-09-14 00:30,2020,0,Regular Season,SKC,SKC,Sporting Kansas City,Children's Mercy Park,18467.0,2238279,51,West,39.1214,-94.821,1996,match_venue,23.2,0.0,8.5,open_meteo,covid_bubble_2020,
0Oq6VPgq6D,pzeQZ6xQKw,False,,4484.0,a2lqR4JMr0,2vQ1mGxwQr,94,FullTime,2020-09-13 12:34:44 UTC,e7MzlRjqr0,kRQa9zmQKZ,5,4wM4voBqjB,12,2020,,,0,,2020-09-12,Real Salt Lake,Colorado Rapids,2020-09-13 01:30,2020,0,Regular Season,RSL,RSL,Real Salt Lake,America First Field,20213.0,1257936,44,West,40.5829,-111.8932,2005,match_venue,28.6,0.0,17.0,open_meteo,covid_bubble_2020,
4wM4AAk5jB,YgOMngl5wN,False,,0.0,mKAqBBmqbg,9YqdPL9mqv,99,FullTime,2020-09-14 09:42:42 UTC,eVq3alGMWO,eV5DNVJQKn,1,odMX96a5YL,12,2020,,,2,,2020-09-12,FC Dallas,Houston Dynamo FC,2020-09-13 00:30,2020,0,Regular Season,DAL,DAL,FC Dallas,Toyota Stadium,20500.0,7759615,43,West,33.1544,-96.8353,1996,match_venue,29.0,0.0,10.2,open_meteo,covid_bubble_2020,
0x5ggrR57O,KAqBN0Vqbg,False,,0.0,vzqoOgNqap,gjMNE4YpQK,96,FullTime,2020-09-14 10:26:17 UTC,KXMe8pxQ64,gOMnDkAqwN,2,gjMNk4v5Kp,12,2020,,,4,,2020-09-12,Nashville SC,Atlanta United FC,2020-09-13 00:30,2020,0,Regular Season,NSH,NSH,Nashville SC,Nissan Stadium,69143.0,2107533,58,East,36.1664,-86.7714,2020,match_venue,31.1,10.6,12.8,open_meteo,covid_bubble_2020,
7VqG6WY5vW,zeQZkL1MKw,False,,0.0,jYQJ8EW5GR,7vQ7m9lD5D,104,FullTime,2020-09-14 10:05:27 UTC,vzqoJrj5ap,gjMNk8v5Kp,1,e7MzPKXqr0,12,2020,,,2,,2020-09-12,Orlando City SC,Inter Miami CF,2020-09-12 23:30,2020,0,Regular Season,ORL,ORL,Orlando City SC,Inter&Co Stadium,25500.0,3238723,44,East,28.5411,-81.3893,2015,match_venue,29.2,10.8,26.5,open_meteo,covid_bubble_2020,
LeVq3j5WOJ,19vQ2095K6,False,,0.0,9z5k7Yg5A3,eV5DEdXJqK,100,FullTime,2020-09-14 20:35:44 UTC,NWMW8ZN5lz,0Oq6vPrq6D,1,wvq9vKlQWn,12,2020,,,2,,2020-09-12,Philadelphia Union,New England Revolution,2020-09-12 23:30,2020,0,Regular Season,PHI,PHI,Philadelphia Union,Subaru Park,18500.0,6245051,46,East,39.8322,-75.3789,2010,match_venue,23.3,0.6,16.2,open_meteo,covid_bubble_2020,
zeQZVw1QKw,a2lqRX2Mr0,False,,0.0,EKXMeX3Q64,Pk5LEaXDqO,97,FullTime,2020-09-14 14:41:46 UTC,xW5pwORMg1,vzqoAjJMap,2,0Oq6vG2q6D,12,2020,,,0,,2020-09-12,D.C. United,New York Red Bulls,2020-09-12 23:00,2020,0,Regular Season,DC,DC,D.C. United,Audi Field,20000.0,6394598,50,East,38.8683,-77.0122,1996,match_venue,23.8,1.7,17.7,open_meteo,covid_bubble_2020,
eV5DWdEMKn,NWMWlBK5lz,False,,0.0,Vj58weDM8n,raMy9v7NMd,102,FullTime,2020-09-14 09:15:02 UTC,NWMW84L5lz,2lqRa4D5r0,1,ljqExYw5x0,12,2020,,,2,,2020-09-12,New York City FC,FC Cincinnati,2020-09-12 23:00,2020,0,Regular Season,NYC,NYC,New York City FC,Red Bull Arena,25000.0,19979477,82,East,40.7367,-74.1503,2015,match_venue,21.1,0.0,17.3,open_meteo,covid_bubble_2020,
NPqxkDY59d,mvzqoLZQap,False,,0.0,X0Oq66zq6D,EGMPEvX05a,97,FullTime,2020-09-14 18:58:14 UTC,gpMOzdEQzy,9Yqd8woqvJ,2,4JMAYlPMKg,12,2020,,,2,,2020-09-12,Chicago Fire FC,Columbus Crew,2020-09-12 19:30,2020,0,Regular Season,CHI,CHI,Chicago Fire FC,Soldier Field,61500.0,9478801,48,East,41.8623,-87.6167,1998,match_venue,22.4,30.9,22.2,open_meteo,covid_bubble_2020,
2vQ10jwqrA,0KPqjA456v,False,,0.0,jYQJ19EqGR,315Vw3BVq9,93,FullTime,2020-09-12 03:45:40 UTC,9Yqda07QvJ,odMXxreMYL,1,vzqoWjkqap,11,2020,,,7,,2020-09-10,Seattle Sounders FC,San Jose Earthquakes,2020-09-11 02:00,2020,0,Regular Season,SEA,SEA,Seattle Sounders FC,Lumen Field,38500.0,4044837,71,West,47.5952,-122.3316,2009,match_venue,30.4,0.0,17.9,open_meteo,covid_bubble_2020,
0Oq6zkzq6D,eVq3ya6MWO,False,,4147.0,a2lqR4JMr0,4JMAErRDMK,98,FullTime,2020-09-11 19:21:20 UTC,e7MzlRjqr0,kRQa9zmQKZ,0,2lqRymD5r0,7,2020,,,3,,2020-09-09,Real Salt Lake,Los Angeles FC,2020-09-10 01:30,2020,0,Regular Season,RSL,RSL,Real Salt Lake,America First Field,20213.0,1257936,44,West,40.5829,-111.8932,2005,match_venue,17.2,0.0,22.8,open_meteo,covid_bubble_2020,
4wM4AAk5jB,YgOMngl5wN,False,,0.0,pzeQZ6xQKw,wvq9mVEmqW,101,FullTime,2020-09-11 11:03:19 UTC,9z5ka6gQA3,0Oq6VPgq6D,1,zeQZlGK5Kw,11,2020,,,1,,2020-09-09,Colorado Rapids,Houston Dynamo FC,2020-09-10 01:00,2020,0,Regular Season,COL,COL,Colorado Rapids,Dick's Sporting Goods Park,18081.0,2963821,40,West,39.8056,-104.8919,1996,match_venue,5.7,2.1,10.6,open_meteo,covid_bubble_2020,
Xj5Yx60Mbd,kRQabn8MKZ,False,,250.0,APk5LGOMOW,2vQ1mY34Qr,97,FullTime,2020-09-11 06:10:30 UTC,NWMW8pj5lz,vzqokNkqap,2,gOMnB7AMwN,11,2020,,,1,,2020-09-09,CF Montréal,Toronto FC,2020-09-10 00:00,2020,0,Regular Season,MTL,MTL,CF Montréal,Stade Saputo,19619.0,4292000,46,East,45.5631,-73.5525,2012,match_venue,18.0,2.5,15.5,open_meteo,covid_bubble_2020,
eV5DNVJQKn,mKAqBBmqbg,False,,0.0,kRQand1MKZ,9z5krldKMA,96,FullTime,2020-09-11 05:59:05 UTC,odMXGRrQYL,OlMlYvy5Lz,2,KPqjDeNM6v,11,2020,,,3,,2020-09-09,Minnesota United FC,FC Dallas,2020-09-10 00:00,2020,0,Regular Season,MIN,MIN,Minnesota United FC,Allianz Field,19400.0,3712020,49,West,44.9528,-93.165,2017,match_venue,9.5,2.4,10.0,open_meteo,covid_bubble_2020,
0x5ggrR57O,KAqBN0Vqbg,False,,0.0,zeQZkL1MKw,KPqj1rk456,101,FullTime,2020-09-11 19:50:08 UTC,0x5gJZjM7O,7VqG6WY5vW,1,KAqB3m7Qbg,7,2020,,,2,,2020-09-09,Inter Miami CF,Atlanta United FC,2020-09-10 00:00,2020,0,Regular Season,MIA,MIA,Inter Miami CF,Chase Stadium,18000.0,6183199,88,East,26.1931,-80.1611,2020,match_venue,28.6,24.1,11.5,open_meteo,covid_bubble_2020,
0Oq6zkzq6D,eVq3ya6MWO,False,,0.0,kaDQ0wRqEv,7VqGE21YMv,95,FullTime,2020-09-08 10:53:13 UTC,wvq9p1Y5Wn,Xj5Yrklqbd,0,vzqoWjkqap,10,2020,,,3,,2020-09-06,LA Galaxy,Los Angeles FC,2020-09-07 02:30,2020,0,Regular Season,LA,LA,LA Galaxy,Dignity Health Sports Park,27000.0,13200998,65,West,33.864,-118.261,1996,match_venue,40.2,0.0,15.9,open_meteo,covid_bubble_2020,
gpMOYv1qzy,WBLMvYAQxe,False,,0.0,jYQJ19EqGR,2lqREbXx5r,99,FullTime,2020-09-08 10:31:09 UTC,9Yqda07QvJ,odMXxreMYL,2,e7MzPKXqr0,10,2020,,,1,,2020-09-06,Seattle Sounders FC,Portland Timbers FC,2020-09-07 02:00,2020,0,Regular Season,SEA,SEA,Seattle Sounders FC,Lumen Field,38500.0,4044837,71,West,47.5952,-122.3316,2009,match_venue,23.5,0.0,15.0,open_meteo,covid_bubble_2020,
gOMnDkAqwN,vzqoOgNqap,False,,0.0,zeQZkL1MKw,gpMOEZX7qz,96,FullTime,2020-09-08 10:38:53 UTC,0x5gJZjM7O,7VqG6WY5vW,0,7VqG6KX5vW,10,2020,,,0,,2020-09-06,Inter Miami CF,Nashville SC,2020-09-07 01:45,2020,0,Regular Season,MIA,MIA,Inter Miami CF,Chase Stadium,18000.0,6183199,88,East,26.1931,-80.1611,2020,match_venue,29.1,5.7,15.0,open_meteo,covid_bubble_2020,
kRQa9zmQKZ,a2lqR4JMr0,False,,0.0,kRQand1MKZ,0Oq6mRYz56,98,FullTime,2020-09-08 10:25:38 UTC,odMXGRrQYL,OlMlYvy5Lz,0,0Oq6vG2q6D,10,2020,,,4,,2020-09-06,Minnesota United FC,Real Salt Lake,2020-09-07 00:00,2020,0,Regular Season,MIN,MIN,Minnesota United FC,Allianz Field,19400.0,3712020,49,West,44.9528,-93.165,2017,match_venue,29.3,11.6,24.1,open_meteo,covid_bubble_2020,
LeVq3j5WOJ,19vQ2095K6,False,,0.0,X0Oq66zq6D,KAqBElzZ5b,97,FullTime,2020-09-08 11:04:53 UTC,gpMOzdEQzy,9Yqd8woqvJ,2,KAqB3m7Qbg,10,2020,,,1,,2020-09-06,Chicago Fire FC,New England Revolution,2020-09-06 23:30,2020,0,Regular Season,CHI,CHI,Chicago Fire FC,Soldier Field,61500.0,9478801,48,East,41.8623,-87.6167,1998,match_venue,27.6,19.6,37.5,open_meteo,covid_bubble_2020,
eV5DWdEMKn,NWMWlBK5lz,False,,1500.0,mvzqoLZQap,NWMWYBWZql,97,FullTime,2020-09-27 14:37:02 UTC,p6qbeb850G,NPqxkDY59d,0,wvq9vKlQWn,10,2020,,,3,,2020-09-06,Columbus Crew,FC Cincinnati,2020-09-06 23:30,2020,0,Regular Season,CLB,CLB,Columbus Crew,Historic Crew Stadium,19968.0,2138926,42,East,40.0094,-82.9911,1996,match_venue,26.6,0.0,15.9,open_meteo,covid_bubble_2020,
2lqRa4D5r0,Vj58weDM8n,False,,0.0,EKXMeX3Q64,0x5gy7bRQ7,98,FullTime,2020-12-01 18:39:28 UTC,xW5pwORMg1,vzqoAjJMap,0,EGMPLlxMaY,10,2020,,,0,,2020-09-06,D.C. United,New York City FC,2020-09-06 23:00,2020,0,Regular Season,DC,DC,D.C. United,Audi Field,20000.0,6394598,50,East,38.8683,-77.0122,1996,match_venue,27.7,0.0,9.8,open_meteo,covid_bubble_2020,
0Oq6vPrq6D,9z5k7Yg5A3,False,,0.0,a2lqRX2Mr0,gOMnweJB5w,97,FullTime,2020-09-08 08:51:12 UTC,NWMW84L5lz,zeQZVw1QKw,3,9vQ2mPaqK6,10,2020,,,0,,2020-09-06,New York Red Bulls,Philadelphia Union,2020-09-06 23:00,2020,0,Regular Season,NY,NY,New York Red Bulls,Red Bull Arena,25000.0,19979477,67,East,40.7367,-74.1503,1996,match_venue,27.1,0.0,15.9,open_meteo,covid_bubble_2020,
0Oq6VPgq6D,pzeQZ6xQKw,False,,0.0,0KPqjA456v,eVq3mOZwMW,97,FullTime,2020-09-07 09:48:32 UTC,Vj58W84M8n,2vQ10jwqrA,1,315VrXb59x,10,2020,,,1,,2020-09-05,San Jose Earthquakes,Colorado Rapids,2020-09-06 02:30,2020,0,Regular Season,SJ,SJ,San Jose Earthquakes,PayPal Park,18000.0,1999107,47,West,37.3514,-121.925,1996,match_venue,37.2,0.0,15.3,open_meteo,covid_bubble_2020,
Xj5Yx60Mbd,kRQabn8MKZ,False,,0.0,lgpMOvnQzy,eV5DEj1aqK,100,FullTime,2020-09-07 09:57:57 UTC,ljqEDnO5x0,0Oq6mxd56D,2,zeQZl7D5Kw,10,2020,,,3,,2020-09-05,Vancouver Whitecaps FC,Toronto FC,2020-09-06 01:30,2020,0,Regular Season,VAN,VAN,Vancouver Whitecaps FC,BC Place,22120.0,2906000,52,West,49.2767,-123.1119,2011,match_venue,18.8,0.0,21.3,open_meteo,covid_bubble_2020,
N6MmpyLQEG,Z2vQ1xlqrA,False,,0.0,YgOMngl5wN,Oa5wo4DW51,97,FullTime,2020-09-07 07:03:13 UTC,0x5g6ojM7O,4wM4AAk5jB,1,kRQa9k8QKZ,10,2020,,,2,,2020-09-05,Houston Dynamo FC,Sporting Kansas City,2020-09-06 00:00,2020,0,Regular Season,HOU,HOU,Houston Dynamo FC,Shell Energy Stadium,22039.0,7386941,41,West,29.7522,-95.3524,2006,match_venue,31.5,2.1,15.6,open_meteo,covid_bubble_2020,
0x5ggrR57O,KAqBN0Vqbg,False,,0.0,jYQJ8EW5GR,vzqo3XwBqa,100,FullTime,2020-09-07 08:31:57 UTC,vzqoJrj5ap,gjMNk8v5Kp,1,2lqRymD5r0,10,2020,,,1,,2020-09-05,Orlando City SC,Atlanta United FC,2020-09-06 00:00,2020,0,Regular Season,ORL,ORL,Orlando City SC,Inter&Co Stadium,25500.0,3238723,44,East,28.5411,-81.3893,2015,match_venue,33.7,0.1,16.9,open_meteo,covid_bubble_2020,
2vQ10jwqrA,0KPqjA456v,False,,0.0,eVq3ya6MWO,0Oq6mRY256,93,FullTime,2020-09-04 12:33:12 UTC,7vQ7xbOMD1,0Oq6zkzq6D,1,KPqjDeNM6v,9,2020,,,5,,2020-09-02,Los Angeles FC,San Jose Earthquakes,2020-09-03 03:00,2020,0,Regular Season,LAFC,LAFC,Los Angeles FC,BMO Stadium,22000.0,13200998,78,West,34.013,-118.285,2018,match_venue,26.0,0.0,26.6,open_meteo,covid_bubble_2020,
Xj5Yrklqbd,kaDQ0wRqEv,False,,0.0,WBLMvYAQxe,2lqREbXn5r,96,FullTime,2020-09-04 12:14:35 UTC,p6qbX06M0G,gpMOYv1qzy,3,odMX96a5YL,9,2020,,,2,,2020-09-02,Portland Timbers FC,LA Galaxy,2020-09-03 02:30,2020,0,Regular Season,POR,POR,Portland Timbers FC,Providence Park,25218.0,2508050,58,West,45.5214,-122.6917,2011,match_venue,31.3,0.0,16.3,open_meteo,covid_bubble_2020,
odMXxreMYL,jYQJ19EqGR,False,,4026.0,a2lqR4JMr0,jYQJEjXdqG,98,FullTime,2020-09-04 14:46:50 UTC,e7MzlRjqr0,kRQa9zmQKZ,2,ljqEymNqx0,9,2020,,,2,,2020-09-02,Real Salt Lake,Seattle Sounders FC,2020-09-03 01:30,2020,0,Regular Season,RSL,RSL,Real Salt Lake,America First Field,20213.0,1257936,44,West,40.5829,-111.8932,2005,match_venue,28.9,0.0,20.2,open_meteo,covid_bubble_2020,
eV5DNVJQKn,mKAqBBmqbg,False,,0.0,Z2vQ1xlqrA,7VqGE213Mv,104,FullTime,2020-09-04 12:18:55 UTC,NPqxy6XQ9d,N6MmpyLQEG,1,4wM4voBqjB,9,2020,,,1,,2020-09-02,Sporting Kansas City,FC Dallas,2020-09-03 00:30,2020,0,Regular Season,SKC,SKC,Sporting Kansas City,Children's Mercy Park,18467.0,2238279,51,West,39.1214,-94.821,1996,match_venue,29.8,0.0,9.8,open_meteo,covid_bubble_2020,
gjMNk8v5Kp,jYQJ8EW5GR,False,,0.0,vzqoOgNqap,gpMOEZX1qz,94,FullTime,2020-09-04 12:44:20 UTC,KXMe8pxQ64,gOMnDkAqwN,1,9z5kJ7gMA3,9,2020,,,1,,2020-09-02,Nashville SC,Orlando City SC,2020-09-03 00:30,2020,0,Regular Season,NSH,NSH,Nashville SC,Nissan Stadium,69143.0,2107533,58,East,36.1664,-86.7714,2020,match_venue,29.2,16.6,16.3,open_meteo,covid_bubble_2020,
OlMlYvy5Lz,kRQand1MKZ,False,,0.0,YgOMngl5wN,0x5gy7bLQ7,98,FullTime,2020-09-04 14:05:16 UTC,0x5g6ojM7O,4wM4AAk5jB,0,vzqoWjkqap,9,2020,,,3,,2020-09-02,Houston Dynamo FC,Minnesota United FC,2020-09-03 00:00,2020,0,Regular Season,HOU,HOU,Houston Dynamo FC,Shell Energy Stadium,22039.0,7386941,41,West,29.7522,-95.3524,2006,match_venue,37.2,0.0,27.4,open_meteo,covid_bubble_2020,
2lqRa4D5r0,Vj58weDM8n,False,,0.0,19vQ2095K6,gOMnweJJ5w,96,FullTime,2020-12-01 18:40:02 UTC,wvq9p775Wn,LeVq3j5WOJ,2,gjMNk4v5Kp,9,2020,,,0,,2020-09-02,New England Revolution,New York City FC,2020-09-03 00:00,2020,0,Regular Season,NE,NE,New England Revolution,Gillette Stadium,65878.0,4941632,53,East,42.091,-71.264,1996,match_venue,21.5,13.5,16.4,open_meteo,covid_bubble_2020,
0Oq6vPrq6D,9z5k7Yg5A3,False,,0.0,mvzqoLZQap,NWMWYBWLql,97,FullTime,2020-09-04 13:49:50 UTC,p6qbeb850G,NPqxkDY59d,0,KAqB3m7Qbg,9,2020,,,1,,2020-09-02,Columbus Crew,Philadelphia Union,2020-09-02 23:30,2020,0,Regular Season,CLB,CLB,Columbus Crew,Historic Crew Stadium,19968.0,2138926,42,East,40.0094,-82.9911,1996,match_venue,29.3,3.1,21.0,open_meteo,covid_bubble_2020,
9Yqd8woqvJ,X0Oq66zq6D,False,,0.0,NWMWlBK5lz,eVq3mOZjMW,102,FullTime,2020-09-04 11:44:21 UTC,KAqBkLJQbg,eV5DWdEMKn,0,0Oq6vG2q6D,9,2020,,,0,,2020-09-02,FC Cincinnati,Chicago Fire FC,2020-09-02 23:30,2020,0,Regular Season,CIN,CIN,FC Cincinnati,Nippert Stadium,32250.0,2271479,55,East,39.131,-84.516,2019,match_venue,28.9,9.1,20.1,open_meteo,covid_bubble_2020,
vzqoAjJMap,EKXMeX3Q64,False,,0.0,a2lqRX2Mr0,vzqo3XwLqa,102,FullTime,2020-09-04 13:56:44 UTC,NWMW84L5lz,vzqo2dv5ap,1,7VqG6KX5vW,9,2020,,,0,,2020-09-02,New York Red Bulls,D.C. United,2020-09-02 23:30,2020,0,Regular Season,NY,NY,New York Red Bulls,Red Bull Arena,25000.0,19979477,67,East,40.7367,-74.1503,1996,match_venue,25.3,11.3,14.6,open_meteo,covid_bubble_2020,
7VqG6WY5vW,zeQZkL1MKw,False,,0.0,KAqBN0Vqbg,KAqBElzV5b,98,FullTime,2020-09-04 17:12:00 UTC,NWMWoaeMlz,0x5ggrR57O,0,wvq9vKlQWn,9,2020,,,0,,2020-09-02,Atlanta United FC,Inter Miami CF,2020-09-02 23:00,2020,0,Regular Season,ATL,ATL,Atlanta United FC,Mercedes-Benz Stadium,42500.0,6144050,52,East,33.7556,-84.4,2017,match_venue,32.3,0.2,14.2,open_meteo,covid_bubble_2020,
vzqokNkqap,APk5LGOMOW,False,,0.0,kRQabn8MKZ,7vQ7myOY5D,101,FullTime,2020-09-03 10:53:15 UTC,2lqRRVnqr0,Xj5Yx60Mbd,1,Pk5LRpDQOW,9,2020,,,0,,2020-09-01,Toronto FC,CF Montréal,2020-09-02 00:00,2020,0,Regular Season,TOR,TOR,Toronto FC,BMO Field,30991.0,6712000,69,East,43.6328,-79.4186,2007,match_venue,26.7,1.8,17.8,open_meteo,covid_bubble_2020,
0Oq6zkzq6D,eVq3ya6MWO,False,,0.0,jYQJ19EqGR,Oa5wo4DY51,99,FullTime,2020-09-01 08:29:50 UTC,9Yqda07QvJ,odMXxreMYL,1,315VrXb59x,8,2020,,,3,,2020-08-30,Seattle Sounders FC,Los Angeles FC,2020-08-31 02:00,2020,0,Regular Season,SEA,SEA,Seattle Sounders FC,Lumen Field,38500.0,4044837,71,West,47.5952,-122.3316,2009,match_venue,22.5,0.2,24.5,open_meteo,covid_bubble_2020,
7VqG6WY5vW,zeQZkL1MKw,False,,0.0,vzqoOgNqap,jYQJEjXDqG,100,FullTime,2020-09-29 21:38:41 UTC,KXMe8pxQ64,gOMnDkAqwN,0,9vQ2mPaqK6,8,2020,,,1,,2020-08-30,Nashville SC,Inter Miami CF,2020-08-31 00:30,2020,0,Regular Season,NSH,NSH,Nashville SC,Nissan Stadium,69143.0,2107533,58,East,36.1664,-86.7714,2020,match_venue,27.0,31.1,11.8,open_meteo,covid_bubble_2020,
kRQa9zmQKZ,a2lqR4JMr0,False,,0.0,WBLMvYAQxe,Xj5YWgjGQb,98,FullTime,2020-08-31 13:14:18 UTC,p6qbX06M0G,gpMOYv1qzy,4,e7MzPKXqr0,8,2020,,,4,,2020-08-29,Portland Timbers FC,Real Salt Lake,2020-08-30 02:30,2020,0,Regular Season,POR,POR,Portland Timbers FC,Providence Park,25218.0,2508050,58,West,45.5214,-122.6917,2011,match_venue,25.6,0.0,17.6,open_meteo,covid_bubble_2020,
2vQ10jwqrA,0KPqjA456v,False,,0.0,kaDQ0wRqEv,ljqEEeNOqx,95,FullTime,2020-08-30 13:08:25 UTC,wvq9p1Y5Wn,Xj5Yrklqbd,2,2lqRymD5r0,8,2020,,,3,,2020-08-29,LA Galaxy,San Jose Earthquakes,2020-08-30 02:30,2020,0,Regular Season,LA,LA,LA Galaxy,Dignity Health Sports Park,27000.0,13200998,65,West,33.864,-118.261,1996,match_venue,25.8,0.0,19.6,open_meteo,covid_bubble_2020,
N6MmpyLQEG,Z2vQ1xlqrA,False,,0.0,pzeQZ6xQKw,XVqKEpbaM0,99,FullTime,2020-08-31 13:16:19 UTC,9z5ka6gQA3,0Oq6VPgq6D,1,gjMNk4v5Kp,8,2020,,,1,,2020-08-29,Colorado Rapids,Sporting Kansas City,2020-08-30 01:00,2020,0,Regular Season,COL,COL,Colorado Rapids,Dick's Sporting Goods Park,18081.0,2963821,40,West,39.8056,-104.8919,1996,match_venue,27.8,0.1,19.0,open_meteo,covid_bubble_2020,
OlMlYvy5Lz,kRQand1MKZ,False,,3212.0,mKAqBBmqbg,p6qbkVPDQ0,100,FullTime,2020-08-31 12:24:48 UTC,eVq3alGMWO,eV5DNVJQKn,1,odMX96a5YL,8,2020,,,3,,2020-08-29,FC Dallas,Minnesota United FC,2020-08-30 00:30,2020,0,Regular Season,DAL,DAL,FC Dallas,Toyota Stadium,20500.0,7759615,43,West,33.1544,-96.8353,1996,match_venue,40.1,0.0,22.1,open_meteo,covid_bubble_2020,
vzqo2dv5ap,a2lqRX2Mr0,False,,0.0,19vQ2095K6,e7MzkKzK5r,97,FullTime,2020-08-31 13:44:05 UTC,wvq9p775Wn,LeVq3j5WOJ,1,9z5kJ7gMA3,8,2020,,,1,,2020-08-29,New England Revolution,New York Red Bulls,2020-08-30 00:00,2020,0,Regular Season,NE,NE,New England Revolution,Gillette Stadium,65878.0,4941632,53,East,42.091,-71.264,1996,match_venue,23.2,12.5,19.1,open_meteo,covid_bubble_2020,
vzqoAjJMap,EKXMeX3Q64,False,,0.0,9z5k7Yg5A3,BLMvnAK3Mx,96,FullTime,2020-08-31 12:17:39 UTC,NWMW8ZN5lz,0Oq6vPrq6D,1,zeQZlGK5Kw,8,2020,,,4,,2020-08-29,Philadelphia Union,D.C. United,2020-08-29 23:30,2020,0,Regular Season,PHI,PHI,Philadelphia Union,Subaru Park,18500.0,6245051,46,East,39.8322,-75.3789,2010,match_venue,26.8,20.3,18.7,open_meteo,covid_bubble_2020,
9Yqd8woqvJ,X0Oq66zq6D,False,,0.0,Vj58weDM8n,N6MmJdk05E,98,FullTime,2020-12-01 18:40:32 UTC,NWMW84L5lz,2lqRa4D5r0,1,ljqExYw5x0,8,2020,,,3,,2020-08-29,New York City FC,Chicago Fire FC,2020-08-29 23:30,2020,0,Regular Season,NYC,NYC,New York City FC,Red Bull Arena,25000.0,19979477,82,East,40.7367,-74.1503,2015,match_venue,25.9,21.7,19.6,open_meteo,covid_bubble_2020,
NPqxkDY59d,mvzqoLZQap,False,,0.0,NWMWlBK5lz,zeQZgG1DMK,95,FullTime,2020-08-31 21:58:05 UTC,KAqBkLJQbg,eV5DWdEMKn,0,EGMPLlxMaY,8,2020,,,0,,2020-08-29,FC Cincinnati,Columbus Crew,2020-08-29 23:30,2020,0,Regular Season,CIN,CIN,FC Cincinnati,Nippert Stadium,32250.0,2271479,55,East,39.131,-84.516,2019,match_venue,29.1,1.4,18.8,open_meteo,covid_bubble_2020,
gjMNk8v5Kp,jYQJ8EW5GR,False,,0.0,KAqBN0Vqbg,4wM4mned5j,103,FullTime,2020-08-31 12:45:28 UTC,NWMWoaeMlz,0x5ggrR57O,3,7VqG6KX5vW,8,2020,,,1,,2020-08-29,Atlanta United FC,Orlando City SC,2020-08-29 19:30,2020,0,Regular Season,ATL,ATL,Atlanta United FC,Mercedes-Benz Stadium,42500.0,6144050,52,East,33.7556,-84.4,2017,match_venue,30.4,3.2,25.1,open_meteo,covid_bubble_2020,
Xj5Yx60Mbd,kRQabn8MKZ,False,,0.0,APk5LGOMOW,raMy9JEAMd,98,FullTime,2020-08-30 07:57:02 UTC,NWMW8pj5lz,vzqokNkqap,1,gOMnB7AMwN,8,2020,,,0,,2020-08-28,CF Montréal,Toronto FC,2020-08-29 00:00,2020,0,Regular Season,MTL,MTL,CF Montréal,Stade Saputo,19619.0,4292000,46,East,45.5631,-73.5525,2012,match_venue,22.6,0.0,17.3,open_meteo,covid_bubble_2020,
gOMnDkAqwN,vzqoOgNqap,False,,0.0,jYQJ8EW5GR,xW5pB2Y9Qg,98,FullTime,2020-08-28 08:58:44 UTC,vzqoJrj5ap,gjMNk8v5Kp,1,0Oq6vG2q6D,7,2020,,,3,,2020-08-26,Orlando City SC,Nashville SC,2020-08-26 23:30,2020,0,Regular Season,ORL,ORL,Orlando City SC,Inter&Co Stadium,25500.0,3238723,44,East,28.5411,-81.3893,2015,match_venue,31.4,4.3,16.8,open_meteo,covid_bubble_2020,
4wM4AAk5jB,YgOMngl5wN,False,,0.0,Z2vQ1xlqrA,9vQ2m6erqK,97,FullTime,2020-08-27 12:00:56 UTC,NPqxy6XQ9d,N6MmpyLQEG,5,odMX96a5YL,7,2020,,,2,,2020-08-25,Sporting Kansas City,Houston Dynamo FC,2020-08-26 00:30,2020,0,Regular Season,SKC,SKC,Sporting Kansas City,Children's Mercy Park,18467.0,2238279,51,West,39.1214,-94.821,1996,match_venue,33.9,0.0,11.4,open_meteo,covid_bubble_2020,
0Oq6mxd56D,lgpMOvnQzy,False,,0.0,APk5LGOMOW,gjMNEzAvQK,99,FullTime,2020-08-27 12:48:41 UTC,NWMW8pj5lz,vzqokNkqap,0,Pk5LRpDQOW,7,2020,,,2,,2020-08-25,CF Montréal,Vancouver Whitecaps FC,2020-08-26 00:00,2020,0,Regular Season,MTL,MTL,CF Montréal,Stade Saputo,19619.0,4292000,46,East,45.5631,-73.5525,2012,match_venue,24.3,0.3,27.6,open_meteo,covid_bubble_2020,
eV5DWdEMKn,NWMWlBK5lz,False,,0.0,X0Oq66zq6D,KXMeLNKBQ6,100,FullTime,2020-08-27 10:56:16 UTC,gpMOzdEQzy,9Yqd8woqvJ,0,9vQ28gY5K6,7,2020,,,3,,2020-08-25,Chicago Fire FC,FC Cincinnati,2020-08-25 23:30,2020,0,Regular Season,CHI,CHI,Chicago Fire FC,Soldier Field,61500.0,9478801,48,East,41.8623,-87.6167,1998,match_venue,26.5,4.0,34.5,open_meteo,covid_bubble_2020,
vzqo2dv5ap,a2lqRX2Mr0,False,,0.0,9z5k7Yg5A3,NPqxRZKjM9,99,FullTime,2020-08-27 08:18:31 UTC,NWMW8ZN5lz,0Oq6vPrq6D,0,ljqExYw5x0,7,2020,,,1,,2020-08-25,Philadelphia Union,New York Red Bulls,2020-08-25 23:30,2020,0,Regular Season,PHI,PHI,Philadelphia Union,Subaru Park,18500.0,6245051,46,East,39.8322,-75.3789,2010,match_venue,32.1,0.3,20.6,open_meteo,covid_bubble_2020,
LeVq3j5WOJ,19vQ2095K6,False,,0.0,EKXMeX3Q64,odMXBY10qY,106,FullTime,2020-09-27 14:32:35 UTC,xW5pwORMg1,vzqoAjJMap,2,wvq9vKlQWn,7,2020,,,1,,2020-08-25,D.C. United,New England Revolution,2020-08-25 23:00,2020,0,Regular Season,DC,DC,D.C. United,Audi Field,20000.0,6394598,50,East,38.8683,-77.0122,1996,match_venue,32.5,0.2,21.0,open_meteo,covid_bubble_2020,
NPqxkDY59d,mvzqoLZQap,False,,0.0,Vj58weDM8n,9YqdPLd8qv,101,FullTime,2020-08-26 09:26:49 UTC,NWMW84L5lz,2lqRa4D5r0,0,7VqG6KX5vW,7,2020,,,1,,2020-08-24,New York City FC,Columbus Crew,2020-08-24 23:00,2020,0,Regular Season,NYC,NYC,New York City FC,Red Bull Arena,25000.0,19979477,82,East,40.7367,-74.1503,2015,match_venue,31.5,0.1,15.5,open_meteo,covid_bubble_2020,
odMXxreMYL,jYQJ19EqGR,False,,0.0,WBLMvYAQxe,Vj58mk3mq8,97,FullTime,2020-08-25 07:38:41 UTC,p6qbX06M0G,gpMOYv1qzy,3,9z5kJ7gMA3,6,2020,,,0,,2020-08-23,Portland Timbers FC,Seattle Sounders FC,2020-08-24 02:00,2020,0,Regular Season,POR,POR,Portland Timbers FC,Providence Park,25218.0,2508050,58,West,45.5214,-122.6917,2011,match_venue,27.6,0.0,12.0,open_meteo,covid_bubble_2020,
kRQa9zmQKZ,a2lqR4JMr0,False,,0.0,pzeQZ6xQKw,OlMll8kNML,100,FullTime,2020-08-24 09:22:49 UTC,9z5ka6gQA3,0Oq6VPgq6D,4,zeQZlGK5Kw,6,2020,,,1,,2020-08-22,Colorado Rapids,Real Salt Lake,2020-08-23 01:00,2020,0,Regular Season,COL,COL,Colorado Rapids,Dick's Sporting Goods Park,18081.0,2963821,40,West,39.8056,-104.8919,1996,match_venue,36.4,0.0,19.1,open_meteo,covid_bubble_2020,
gjMNk8v5Kp,jYQJ8EW5GR,False,,0.0,zeQZkL1MKw,a35rg0nGqL,99,FullTime,2020-08-24 06:33:28 UTC,0x5gJZjM7O,7VqG6WY5vW,2,gjMNk4v5Kp,6,2020,,,3,,2020-08-22,Inter Miami CF,Orlando City SC,2020-08-23 00:00,2020,0,Regular Season,MIA,MIA,Inter Miami CF,Chase Stadium,18000.0,6183199,88,East,26.1931,-80.1611,2020,match_venue,31.4,1.8,20.4,open_meteo,covid_bubble_2020,
gOMnDkAqwN,vzqoOgNqap,False,,0.0,KAqBN0Vqbg,2vQ1mGe0Qr,99,FullTime,2020-08-24 09:10:19 UTC,NWMWoaeMlz,0x5ggrR57O,0,EGMPLlxMaY,6,2020,,,2,,2020-08-22,Atlanta United FC,Nashville SC,2020-08-22 23:00,2020,0,Regular Season,ATL,ATL,Atlanta United FC,Mercedes-Benz Stadium,42500.0,6144050,52,East,33.7556,-84.4,2017,match_venue,28.6,3.6,18.6,open_meteo,covid_bubble_2020,
Xj5Yrklqbd,kaDQ0wRqEv,False,,0.0,eVq3ya6MWO,eV5DEdROqK,101,FullTime,2020-08-24 06:27:39 UTC,7vQ7xbOMD1,0Oq6zkzq6D,2,e7MzPKXqr0,6,2020,,,0,,2020-08-22,Los Angeles FC,LA Galaxy,2020-08-22 22:00,2020,0,Regular Season,LAFC,LAFC,Los Angeles FC,BMO Stadium,22000.0,13200998,78,West,34.013,-118.285,2018,match_venue,34.4,0.0,20.8,open_meteo,covid_bubble_2020,
0Oq6mxd56D,lgpMOvnQzy,False,,0.0,kRQabn8MKZ,Pk5LEb0mqO,95,FullTime,2020-08-23 08:36:52 UTC,2lqRRVnqr0,Xj5Yx60Mbd,0,zeQZl7D5Kw,6,2020,,,1,,2020-08-21,Toronto FC,Vancouver Whitecaps FC,2020-08-22 00:00,2020,0,Regular Season,TOR,TOR,Toronto FC,BMO Field,30991.0,6712000,69,East,43.6328,-79.4186,2007,match_venue,28.7,0.4,15.9,open_meteo,covid_bubble_2020,
eV5DNVJQKn,mKAqBBmqbg,False,,0.0,YgOMngl5wN,raMy9vK2Md,97,FullTime,2020-08-23 06:58:07 UTC,0x5g6ojM7O,4wM4AAk5jB,0,KPqjDeNM6v,6,2020,,,0,,2020-08-21,Houston Dynamo FC,FC Dallas,2020-08-22 00:00,2020,0,Regular Season,HOU,HOU,Houston Dynamo FC,Shell Energy Stadium,22039.0,7386941,41,West,29.7522,-95.3524,2006,match_venue,32.0,2.9,14.2,open_meteo,covid_bubble_2020,
vzqoAjJMap,EKXMeX3Q64,False,,0.0,NWMWlBK5lz,Pk5LEaZNqO,94,FullTime,2020-08-23 01:23:20 UTC,KAqBkLJQbg,eV5DWdEMKn,0,ljqExYw5x0,6,2020,,,0,,2020-08-21,FC Cincinnati,D.C. United,2020-08-21 23:30,2020,0,Regular Season,CIN,CIN,FC Cincinnati,Nippert Stadium,32250.0,2271479,55,East,39.131,-84.516,2019,match_venue,27.6,0.0,8.1,open_meteo,covid_bubble_2020,
N6MmpyLQEG,Z2vQ1xlqrA,False,,0.0,kRQand1MKZ,gjMNE4PBQK,99,FullTime,2020-08-23 06:40:27 UTC,odMXGRrQYL,OlMlYvy5Lz,2,4wM4voBqjB,6,2020,,,1,,2020-08-21,Minnesota United FC,Sporting Kansas City,2020-08-21 23:30,2020,0,Regular Season,MIN,MIN,Minnesota United FC,Allianz Field,19400.0,3712020,49,West,44.9528,-93.165,2017,match_venue,31.1,5.1,19.4,open_meteo,covid_bubble_2020,
9Yqd8woqvJ,X0Oq66zq6D,False,,0.0,mvzqoLZQap,315Vw31bq9,96,FullTime,2020-08-22 06:39:23 UTC,p6qbeb850G,NPqxkDY59d,0,wvq9vKlQWn,6,2020,,,3,,2020-08-20,Columbus Crew,Chicago Fire FC,2020-08-20 23:30,2020,0,Regular Season,CLB,CLB,Columbus Crew,Historic Crew Stadium,19968.0,2138926,42,East,40.0094,-82.9911,1996,match_venue,27.2,0.0,9.7,open_meteo,covid_bubble_2020,
0Oq6vPrq6D,9z5k7Yg5A3,False,,0.0,19vQ2095K6,7vQ7m9wz5D,96,FullTime,2020-08-22 08:55:18 UTC,wvq9p775Wn,LeVq3j5WOJ,0,KAqB3m7Qbg,6,2020,,,0,,2020-08-20,New England Revolution,Philadelphia Union,2020-08-20 23:30,2020,0,Regular Season,NE,NE,New England Revolution,Gillette Stadium,65878.0,4941632,53,East,42.091,-71.264,1996,match_venue,26.3,0.0,15.5,open_meteo,covid_bubble_2020,
2lqRa4D5r0,Vj58weDM8n,False,,0.0,a2lqRX2Mr0,EGMPEvYA5a,97,FullTime,2020-08-22 04:44:02 UTC,NWMW84L5lz,vzqo2dv5ap,0,vzqoWjkqap,6,2020,,,1,,2020-08-20,New York Red Bulls,New York City FC,2020-08-20 23:00,2020,0,Regular Season,NY,NY,New York Red Bulls,Red Bull Arena,25000.0,19979477,67,East,40.7367,-74.1503,1996,match_venue,26.1,0.0,11.4,open_meteo,covid_bubble_2020,
0Oq6mxd56D,lgpMOvnQzy,False,,0.0,kRQabn8MKZ,EGMPEwOj5a,97,FullTime,2020-08-20 15:20:06 UTC,2lqRRVnqr0,Xj5Yx60Mbd,0,gOMnB7AMwN,6,2020,,,3,,2020-08-18,Toronto FC,Vancouver Whitecaps FC,2020-08-19 00:00,2020,0,Regular Season,TOR,TOR,Toronto FC,BMO Field,30991.0,6712000,69,East,43.6328,-79.4186,2007,match_venue,23.7,0.1,18.6,open_meteo,covid_bubble_2020,
gOMnDkAqwN,vzqoOgNqap,False,,222.0,mKAqBBmqbg,wvq9mVBYqW,95,FullTime,2020-08-18 10:56:24 UTC,eVq3alGMWO,eV5DNVJQKn,0,9vQ2mPaqK6,4,2020,,,0,,2020-08-16,FC Dallas,Nashville SC,2020-08-17 04:00,2020,0,Regular Season,DAL,DAL,FC Dallas,Toyota Stadium,20500.0,7759615,43,West,33.1544,-96.8353,1996,match_venue,36.6,28.8,28.6,open_meteo,covid_bubble_2020,
gOMnDkAqwN,vzqoOgNqap,False,,0.0,mKAqBBmqbg,2lqREbln5r,100,FullTime,2020-08-17 15:49:28 UTC,eVq3alGMWO,eV5DNVJQKn,1,gjMNk4v5Kp,3,2020,,,0,,2020-08-12,FC Dallas,Nashville SC,2020-08-13 00:30,2020,0,Regular Season,DAL,DAL,FC Dallas,Toyota Stadium,20500.0,7759615,43,West,33.1544,-96.8353,1996,match_venue,37.0,0.0,24.7,open_meteo,covid_bubble_2020,
gjMNk8v5Kp,jYQJ8EW5GR,True,,0.0,WBLMvYAQxe,eV5DEE8OqK,100,FullTime,2020-08-13 09:00:32 UTC,EGMP1135aY,gpMOYv1qzy,1,e7MzPKXqr0,26,2020,,,2,,2020-08-11,Portland Timbers FC,Orlando City SC,2020-08-12 00:30,2020,1,Playoff,POR,POR,Portland Timbers FC,ESPN Wide World of Sports Complex,24686.0,2508050,58,West,28.3371,-81.556,2011,club_home_venue,30.8,9.4,15.5,open_meteo,covid_bubble_2020,
OlMlYvy5Lz,kRQand1MKZ,True,,0.0,jYQJ8EW5GR,7vQ7mmRz5D,101,FullTime,2020-08-08 08:34:29 UTC,EGMP1135aY,gjMNk8v5Kp,1,Pk5LRpDQOW,25,2020,,,3,,2020-08-06,Orlando City SC,Minnesota United FC,2020-08-07 00:00,2020,1,Playoff,ORL,ORL,Orlando City SC,ESPN Wide World of Sports Complex,24453.0,3238723,44,East,28.3371,-81.556,2015,club_home_venue,32.4,8.9,12.8,open_meteo,covid_bubble_2020,
gpMOYv1qzy,WBLMvYAQxe,True,,0.0,9z5k7Yg5A3,raMy99N2Md,103,FullTime,2020-08-07 09:40:54 UTC,EGMP1135aY,0Oq6vPrq6D,2,vzqoWjkqap,24,2020,,,1,,2020-08-05,Philadelphia Union,Portland Timbers FC,2020-08-06 00:00,2020,1,Playoff,PHI,PHI,Philadelphia Union,ESPN Wide World of Sports Complex,18500.0,6245051,46,East,28.3371,-81.556,2010,club_home_venue,31.0,4.8,13.4,open_meteo,covid_bubble_2020,
gpMOYv1qzy,WBLMvYAQxe,True,,0.0,Vj58weDM8n,Pk5LEE3NqO,98,FullTime,2020-08-03 10:58:03 UTC,EGMP1135aY,2lqRa4D5r0,3,KAqB3m7Qbg,23,2020,,,1,,2020-08-01,New York City FC,Portland Timbers FC,2020-08-02 02:30,2020,1,Playoff,NYC,NYC,New York City FC,ESPN Wide World of Sports Complex,54251.0,19979477,82,East,28.3371,-81.556,2015,club_home_venue,34.0,0.0,17.1,open_meteo,covid_bubble_2020,
OlMlYvy5Lz,kRQand1MKZ,True,,0.0,0KPqjA456v,gjMNEEWBQK,99,FullTime,2020-08-03 10:02:44 UTC,EGMP1135aY,2vQ10jwqrA,4,9z5kJ7gMA3,23,2020,,,1,,2020-08-01,San Jose Earthquakes,Minnesota United FC,2020-08-02 00:00,2020,1,Playoff,SJ,SJ,San Jose Earthquakes,ESPN Wide World of Sports Complex,18000.0,1999107,47,West,28.3371,-81.556,1996,club_home_venue,34.0,0.0,17.1,open_meteo,covid_bubble_2020,
0Oq6zkzq6D,eVq3ya6MWO,True,True,0.0,jYQJ8EW5GR,EGMPEEGA5a,99,FullTime,2020-08-02 10:52:54 UTC,EGMP1135aY,gjMNk8v5Kp,1,odMX96a5YL,22,2020,4.0,,1,5.0,2020-07-31,Orlando City SC,Los Angeles FC,2020-07-31 23:30,2020,1,Playoff,ORL,ORL,Orlando City SC,ESPN Wide World of Sports Complex,24453.0,3238723,44,East,28.3371,-81.556,2015,club_home_venue,32.2,12.9,13.8,open_meteo,covid_bubble_2020,
N6MmpyLQEG,Z2vQ1xlqrA,True,,0.0,9z5k7Yg5A3,315Vww9bq9,98,FullTime,2020-08-01 08:14:26 UTC,EGMP1135aY,0Oq6vPrq6D,1,4wM4voBqjB,21,2020,,,3,,2020-07-30,Philadelphia Union,Sporting Kansas City,2020-07-31 00:00,2020,1,Playoff,PHI,PHI,Philadelphia Union,ESPN Wide World of Sports Complex,18500.0,6245051,46,East,28.3371,-81.556,2010,club_home_venue,32.6,20.4,14.4,open_meteo,covid_bubble_2020,
eV5DWdEMKn,NWMWlBK5lz,True,True,0.0,WBLMvYAQxe,9z5krrBgMA,99,FullTime,2020-07-30 08:15:15 UTC,EGMP1135aY,gpMOYv1qzy,1,gjMNk4v5Kp,20,2020,2.0,,1,4.0,2020-07-28,Portland Timbers FC,FC Cincinnati,2020-07-29 02:30,2020,1,Playoff,POR,POR,Portland Timbers FC,ESPN Wide World of Sports Complex,24686.0,2508050,58,West,28.3371,-81.556,2011,club_home_venue,30.3,23.0,9.7,open_meteo,covid_bubble_2020,
OlMlYvy5Lz,kRQand1MKZ,True,True,0.0,mvzqoLZQap,wvq9mmkYqW,97,FullTime,2020-07-30 08:36:30 UTC,EGMP1135aY,NPqxkDY59d,1,vzqoWjkqap,20,2020,5.0,,1,3.0,2020-07-28,Columbus Crew,Minnesota United FC,2020-07-29 00:00,2020,1,Playoff,CLB,CLB,Columbus Crew,ESPN Wide World of Sports Complex,20371.0,2138926,42,East,28.3371,-81.556,1996,club_home_venue,30.3,23.0,9.7,open_meteo,covid_bubble_2020,
0Oq6zkzq6D,eVq3ya6MWO,True,,0.0,jYQJ19EqGR,2lqREEOn5r,96,FullTime,2020-07-29 10:07:49 UTC,EGMP1135aY,odMXxreMYL,4,9z5kJ7gMA3,19,2020,,,1,,2020-07-27,Seattle Sounders FC,Los Angeles FC,2020-07-28 03:00,2020,1,Playoff,SEA,SEA,Seattle Sounders FC,ESPN Wide World of Sports Complex,68740.0,4044837,71,West,28.3371,-81.556,2009,club_home_venue,31.2,21.2,13.8,open_meteo,covid_bubble_2020,
kRQa9zmQKZ,a2lqR4JMr0,True,,0.0,0KPqjA456v,gpMOEEg1qz,100,FullTime,2020-07-29 10:25:39 UTC,EGMP1135aY,2vQ10jwqrA,2,Pk5LRpDQOW,18,2020,,,5,,2020-07-27,San Jose Earthquakes,Real Salt Lake,2020-07-28 00:30,2020,1,Playoff,SJ,SJ,San Jose Earthquakes,ESPN Wide World of Sports Complex,18000.0,1999107,47,West,28.3371,-81.556,1996,club_home_venue,31.2,21.2,13.8,open_meteo,covid_bubble_2020,
0Oq6mxd56D,lgpMOvnQzy,True,True,0.0,Z2vQ1xlqrA,gOMnwwGJ5w,103,FullTime,2020-07-28 09:50:50 UTC,EGMP1135aY,N6MmpyLQEG,0,2lqRymD5r0,18,2020,1.0,,0,3.0,2020-07-26,Sporting Kansas City,Vancouver Whitecaps FC,2020-07-27 03:00,2020,1,Playoff,SKC,SKC,Sporting Kansas City,ESPN Wide World of Sports Complex,18467.0,2238279,51,West,28.3371,-81.556,1996,club_home_venue,30.3,11.0,14.2,open_meteo,covid_bubble_2020,
2lqRa4D5r0,Vj58weDM8n,True,,0.0,kRQabn8MKZ,vzqo33YLqa,100,FullTime,2020-07-28 09:47:00 UTC,EGMP1135aY,Xj5Yx60Mbd,3,KPqjDeNM6v,19,2020,,,1,,2020-07-26,Toronto FC,New York City FC,2020-07-27 00:30,2020,1,Playoff,TOR,TOR,Toronto FC,ESPN Wide World of Sports Complex,28351.0,6712000,69,East,28.3371,-81.556,2007,club_home_venue,30.3,11.0,14.2,open_meteo,covid_bubble_2020,
LeVq3j5WOJ,19vQ2095K6,True,,0.0,9z5k7Yg5A3,0Oq6mmo256,97,FullTime,2020-08-06 00:28:09 UTC,EGMP1135aY,0Oq6vPrq6D,0,e7MzPKXqr0,17,2020,,,1,,2020-07-25,Philadelphia Union,New England Revolution,2020-07-26 02:30,2020,1,Playoff,PHI,PHI,Philadelphia Union,ESPN Wide World of Sports Complex,18500.0,6245051,46,East,28.3371,-81.556,2010,club_home_venue,30.8,2.3,22.4,open_meteo,covid_bubble_2020,
vzqokNkqap,APk5LGOMOW,True,,0.0,jYQJ8EW5GR,7VqGEEX3Mv,100,FullTime,2020-07-27 10:56:33 UTC,EGMP1135aY,gjMNk8v5Kp,0,0Oq6vG2q6D,17,2020,,,1,,2020-07-25,Orlando City SC,CF Montréal,2020-07-26 00:00,2020,1,Playoff,ORL,ORL,Orlando City SC,ESPN Wide World of Sports Complex,24453.0,3238723,44,East,28.3371,-81.556,2015,club_home_venue,30.8,2.3,22.4,open_meteo,covid_bubble_2020,
gpMOYv1qzy,WBLMvYAQxe,False,,0.0,eVq3ya6MWO,xW5pBBbKQg,99,FullTime,2020-07-25 09:02:47 UTC,EGMP1135aY,0Oq6zkzq6D,2,Pk5LRpDQOW,5,2020,,,2,,2020-07-23,Los Angeles FC,Portland Timbers FC,2020-07-24 02:30,2020,0,Regular Season,LAFC,LAFC,Los Angeles FC,ESPN Wide World of Sports Complex,22000.0,13200998,78,West,28.3371,-81.556,2018,club_home_venue,29.6,13.6,19.6,open_meteo,covid_bubble_2020,
4wM4AAk5jB,YgOMngl5wN,False,,0.0,kaDQ0wRqEv,KPqj11j856,103,FullTime,2020-07-25 09:13:19 UTC,EGMP1135aY,Xj5Yrklqbd,1,2lqRymD5r0,5,2020,,,1,,2020-07-23,LA Galaxy,Houston Dynamo FC,2020-07-24 00:00,2020,0,Regular Season,LA,LA,LA Galaxy,ESPN Wide World of Sports Complex,27000.0,13200998,65,West,28.3371,-81.556,1996,club_home_venue,29.6,13.6,19.6,open_meteo,covid_bubble_2020,
0Oq6mxd56D,lgpMOvnQzy,False,,0.0,X0Oq66zq6D,ljqEEyeYqx,100,FullTime,2020-07-24 11:02:30 UTC,EGMP1135aY,9Yqd8woqvJ,2,gjMNk4v5Kp,5,2020,,,0,,2020-07-23,Chicago Fire FC,Vancouver Whitecaps FC,2020-07-23 13:00,2020,0,Regular Season,CHI,CHI,Chicago Fire FC,ESPN Wide World of Sports Complex,66944.0,9478801,48,East,28.3371,-81.556,1998,club_home_venue,29.6,13.6,19.6,open_meteo,covid_bubble_2020,
OlMlYvy5Lz,kRQand1MKZ,False,,0.0,pzeQZ6xQKw,NPqxRRj8M9,100,FullTime,2020-07-24 09:28:54 UTC,EGMP1135aY,0Oq6VPgq6D,2,wvq9vKlQWn,5,2020,,,2,,2020-07-22,Colorado Rapids,Minnesota United FC,2020-07-23 02:30,2020,0,Regular Season,COL,COL,Colorado Rapids,ESPN Wide World of Sports Complex,18061.0,2963821,40,West,28.3371,-81.556,1996,club_home_venue,29.8,3.2,18.5,open_meteo,covid_bubble_2020,
vzqo2dv5ap,a2lqRX2Mr0,False,,0.0,NWMWlBK5lz,odMXBBpAqY,100,FullTime,2020-07-24 11:11:38 UTC,EGMP1135aY,eV5DWdEMKn,0,0Oq6vG2q6D,5,2020,,,2,,2020-07-22,FC Cincinnati,New York Red Bulls,2020-07-23 00:00,2020,0,Regular Season,CIN,CIN,FC Cincinnati,ESPN Wide World of Sports Complex,26000.0,2271479,55,East,28.3371,-81.556,2019,club_home_venue,29.8,3.2,18.5,open_meteo,covid_bubble_2020,
N6MmpyLQEG,Z2vQ1xlqrA,False,,0.0,a2lqR4JMr0,9YqdPPjRqv,98,FullTime,2020-07-23 14:29:52 UTC,EGMP1135aY,kRQa9zmQKZ,2,zeQZlGK5Kw,5,2020,,,0,,2020-07-22,Real Salt Lake,Sporting Kansas City,2020-07-22 13:00,2020,0,Regular Season,RSL,RSL,Real Salt Lake,ESPN Wide World of Sports Complex,20213.0,1257936,44,West,28.3371,-81.556,2005,club_home_venue,29.8,3.2,18.5,open_meteo,covid_bubble_2020,
vzqoAjJMap,EKXMeX3Q64,False,,0.0,APk5LGOMOW,Vj58mmb2q8,101,FullTime,2020-07-23 10:32:47 UTC,EGMP1135aY,vzqokNkqap,0,KPqjDeNM6v,5,2020,,,1,,2020-07-21,CF Montréal,D.C. United,2020-07-22 02:30,2020,0,Regular Season,MTL,MTL,CF Montréal,ESPN Wide World of Sports Complex,19619.0,4292000,46,East,28.3371,-81.556,2012,club_home_venue,30.7,12.0,20.1,open_meteo,covid_bubble_2020,
NPqxkDY59d,mvzqoLZQap,False,,0.0,KAqBN0Vqbg,OlMllljPML,100,FullTime,2020-07-23 09:45:32 UTC,EGMP1135aY,e7Mz3GG5r0,1,kRQa9k8QKZ,5,2020,,,0,,2020-07-21,Atlanta United FC,Columbus Crew,2020-07-22 00:00,2020,0,Regular Season,ATL,ATL,Atlanta United FC,ESPN Wide World of Sports Complex,42500.0,6144050,52,East,28.3371,-81.556,2017,club_home_venue,30.7,12.0,20.1,open_meteo,covid_bubble_2020,
LeVq3j5WOJ,19vQ2095K6,False,,0.0,kRQabn8MKZ,a35rggjeqL,100,FullTime,2020-07-22 10:40:39 UTC,EGMP1135aY,Xj5Yx60Mbd,0,9z5kJ7gMA3,5,2020,,,0,,2020-07-21,Toronto FC,New England Revolution,2020-07-21 13:00,2020,0,Regular Season,TOR,TOR,Toronto FC,ESPN Wide World of Sports Complex,28351.0,6712000,69,East,28.3371,-81.556,2007,club_home_venue,30.7,12.0,20.1,open_meteo,covid_bubble_2020,
gjMNk8v5Kp,jYQJ8EW5GR,False,,0.0,9z5k7Yg5A3,2vQ1mBd4Qr,100,FullTime,2020-07-22 08:44:09 UTC,EGMP1135aY,0Oq6vPrq6D,1,ljqExYw5x0,5,2020,,,1,,2020-07-20,Philadelphia Union,Orlando City SC,2020-07-21 00:00,2020,0,Regular Season,PHI,PHI,Philadelphia Union,ESPN Wide World of Sports Complex,18500.0,6245051,46,East,28.3371,-81.556,2010,club_home_venue,31.4,1.1,17.7,open_meteo,covid_bubble_2020,
2lqRa4D5r0,Vj58weDM8n,False,,0.0,zeQZkL1MKw,a35rgLBBqL,103,FullTime,2020-07-23 00:13:25 UTC,EGMP1135aY,7VqG6WY5vW,1,9vQ2mPaqK6,5,2020,,,0,,2020-07-20,Inter Miami CF,New York City FC,2020-07-20 13:00,2020,0,Regular Season,MIA,MIA,Inter Miami CF,ESPN Wide World of Sports Complex,21550.0,6183199,88,East,28.3371,-81.556,2020,club_home_venue,31.4,1.1,17.7,open_meteo,covid_bubble_2020,
0Oq6mxd56D,lgpMOvnQzy,False,,0.0,jYQJ19EqGR,eV5DEEpRqK,103,FullTime,2020-07-21 09:49:57 UTC,EGMP1135aY,odMXxreMYL,0,KAqB3m7Qbg,5,2020,,,3,,2020-07-19,Seattle Sounders FC,Vancouver Whitecaps FC,2020-07-20 02:30,2020,0,Regular Season,SEA,SEA,Seattle Sounders FC,ESPN Wide World of Sports Complex,68740.0,4044837,71,West,28.3371,-81.556,2009,club_home_venue,31.4,5.0,17.0,open_meteo,covid_bubble_2020,
2vQ10jwqrA,0KPqjA456v,False,,0.0,X0Oq66zq6D,p6qbkrVaQ0,100,FullTime,2020-07-21 09:28:52 UTC,EGMP1135aY,9Yqd8woqvJ,2,4wM4voBqjB,5,2020,,,0,,2020-07-19,Chicago Fire FC,San Jose Earthquakes,2020-07-20 00:00,2020,0,Regular Season,CHI,CHI,Chicago Fire FC,ESPN Wide World of Sports Complex,66944.0,9478801,48,East,28.3371,-81.556,1998,club_home_venue,31.4,5.0,17.0,open_meteo,covid_bubble_2020,
Xj5Yrklqbd,kaDQ0wRqEv,False,,0.0,eVq3ya6MWO,gOMnwwze5w,98,FullTime,2020-07-20 13:54:19 UTC,EGMP1135aY,0Oq6zkzq6D,2,vzqoWjkqap,4,2020,,,6,,2020-07-18,Los Angeles FC,LA Galaxy,2020-07-19 02:30,2020,0,Regular Season,LAFC,LAFC,Los Angeles FC,ESPN Wide World of Sports Complex,22000.0,13200998,78,West,28.3371,-81.556,2018,club_home_venue,30.7,6.7,16.3,open_meteo,covid_bubble_2020,
4wM4AAk5jB,YgOMngl5wN,False,,0.0,WBLMvYAQxe,gpMOEElyqz,101,FullTime,2020-11-11 13:30:11 UTC,EGMP1135aY,gpMOYv1qzy,1,e7MzPKXqr0,4,2020,,,2,,2020-07-18,Portland Timbers FC,Houston Dynamo FC,2020-07-19 00:00,2020,0,Regular Season,POR,POR,Portland Timbers FC,ESPN Wide World of Sports Complex,24686.0,2508050,58,West,28.3371,-81.556,2011,club_home_venue,30.7,6.7,16.3,open_meteo,covid_bubble_2020,
OlMlYvy5Lz,kRQand1MKZ,False,,0.0,a2lqR4JMr0,7VqGEEPxMv,100,FullTime,2020-07-19 08:53:41 UTC,EGMP1135aY,kRQa9zmQKZ,0,KPqjDeNM6v,4,2020,,,0,,2020-07-17,Real Salt Lake,Minnesota United FC,2020-07-18 02:30,2020,0,Regular Season,RSL,RSL,Real Salt Lake,ESPN Wide World of Sports Complex,20213.0,1257936,44,West,28.3371,-81.556,2005,club_home_venue,31.7,2.9,16.0,open_meteo,covid_bubble_2020,
0Oq6VPgq6D,pzeQZ6xQKw,False,,0.0,Z2vQ1xlqrA,NWMWYYzNql,109,FullTime,2020-07-20 09:31:14 UTC,EGMP1135aY,N6MmpyLQEG,2,gOMnB7AMwN,4,2020,,,3,,2020-07-17,Sporting Kansas City,Colorado Rapids,2020-07-18 00:00,2020,0,Regular Season,SKC,SKC,Sporting Kansas City,ESPN Wide World of Sports Complex,18467.0,2238279,51,West,28.3371,-81.556,1996,club_home_venue,31.7,2.9,16.0,open_meteo,covid_bubble_2020,
LeVq3j5WOJ,19vQ2095K6,False,,0.0,EKXMeX3Q64,Oa5woo6g51,99,FullTime,2020-07-19 09:36:06 UTC,EGMP1135aY,vzqoAjJMap,1,odMX96a5YL,4,2020,,,1,,2020-07-17,D.C. United,New England Revolution,2020-07-18 00:00,2020,0,Regular Season,DC,DC,D.C. United,ESPN Wide World of Sports Complex,20000.0,6394598,50,East,28.3371,-81.556,1996,club_home_venue,31.7,2.9,16.0,open_meteo,covid_bubble_2020,
vzqo2dv5ap,a2lqRX2Mr0,False,,0.0,mvzqoLZQap,KAqBEEoW5b,105,FullTime,2020-07-18 08:43:44 UTC,EGMP1135aY,NPqxkDY59d,0,4wM4voBqjB,4,2020,,,2,,2020-07-16,Columbus Crew,New York Red Bulls,2020-07-17 02:30,2020,0,Regular Season,CLB,CLB,Columbus Crew,ESPN Wide World of Sports Complex,20371.0,2138926,42,East,28.3371,-81.556,1996,club_home_venue,32.2,3.0,11.7,open_meteo,covid_bubble_2020,
Xj5Yx60Mbd,kRQabn8MKZ,False,,0.0,APk5LGOMOW,9vQ2mmb7qK,100,FullTime,2020-07-18 08:27:14 UTC,EGMP1135aY,vzqokNkqap,4,9z5kJ7gMA3,4,2020,,,3,,2020-07-16,CF Montréal,Toronto FC,2020-07-17 00:00,2020,0,Regular Season,MTL,MTL,CF Montréal,ESPN Wide World of Sports Complex,19619.0,4292000,46,East,28.3371,-81.556,2012,club_home_venue,32.2,3.0,11.7,open_meteo,covid_bubble_2020,
eV5DWdEMKn,NWMWlBK5lz,False,,0.0,KAqBN0Vqbg,Xj5YWWzlQb,113,FullTime,2020-07-20 09:41:09 UTC,EGMP1135aY,e7Mz3GG5r0,1,2lqRymD5r0,4,2020,,,0,,2020-07-16,Atlanta United FC,FC Cincinnati,2020-07-16 13:00,2020,0,Regular Season,ATL,ATL,Atlanta United FC,ESPN Wide World of Sports Complex,42500.0,6144050,52,East,28.3371,-81.556,2017,club_home_venue,32.2,3.0,11.7,open_meteo,covid_bubble_2020,
2vQ10jwqrA,0KPqjA456v,False,,0.0,lgpMOvnQzy,aDQ0mmb2ME,106,FullTime,2020-07-17 12:03:11 UTC,EGMP1135aY,0Oq6mxd56D,4,0Oq6vG2q6D,4,2020,,,3,,2020-07-15,Vancouver Whitecaps FC,San Jose Earthquakes,2020-07-16 01:00,2020,0,Regular Season,VAN,VAN,Vancouver Whitecaps FC,ESPN Wide World of Sports Complex,54500.0,2906000,52,West,28.3371,-81.556,2011,club_home_venue,31.0,7.4,10.5,open_meteo,covid_bubble_2020,
7VqG6WY5vW,zeQZkL1MKw,False,,0.0,9z5k7Yg5A3,EGMPEEak5a,103,FullTime,2020-07-16 09:38:48 UTC,EGMP1135aY,0Oq6vPrq6D,1,zeQZl7D5Kw,4,2020,,,2,,2020-07-14,Philadelphia Union,Inter Miami CF,2020-07-15 02:30,2020,0,Regular Season,PHI,PHI,Philadelphia Union,ESPN Wide World of Sports Complex,18500.0,6245051,46,East,28.3371,-81.556,2010,club_home_venue,31.5,2.0,11.5,open_meteo,covid_bubble_2020,
gjMNk8v5Kp,jYQJ8EW5GR,False,,0.0,Vj58weDM8n,2vQ1mmbxQr,105,FullTime,2020-07-16 08:58:09 UTC,EGMP1135aY,2lqRa4D5r0,3,KAqB3m7Qbg,4,2020,,,1,,2020-07-14,New York City FC,Orlando City SC,2020-07-15 00:00,2020,0,Regular Season,NYC,NYC,New York City FC,ESPN Wide World of Sports Complex,54251.0,19979477,82,East,28.3371,-81.556,2015,club_home_venue,31.5,2.0,11.5,open_meteo,covid_bubble_2020,
odMXxreMYL,jYQJ19EqGR,False,,0.0,X0Oq66zq6D,XVqKE8pNM0,106,FullTime,2020-07-15 10:21:06 UTC,EGMP1135aY,9Yqd8woqvJ,1,9vQ2mPaqK6,3,2020,,,2,,2020-07-14,Chicago Fire FC,Seattle Sounders FC,2020-07-14 13:00,2020,0,Regular Season,CHI,CHI,Chicago Fire FC,ESPN Wide World of Sports Complex,66944.0,9478801,48,East,28.3371,-81.556,1998,club_home_venue,31.5,2.0,11.5,open_meteo,covid_bubble_2020,
gpMOYv1qzy,WBLMvYAQxe,False,,0.0,kaDQ0wRqEv,315VwwpXq9,98,FullTime,2020-07-16 07:14:14 UTC,EGMP1135aY,Xj5Yrklqbd,2,4wM4voBqjB,3,2020,,,1,,2020-07-13,LA Galaxy,Portland Timbers FC,2020-07-14 02:30,2020,0,Regular Season,LA,LA,LA Galaxy,ESPN Wide World of Sports Complex,27000.0,13200998,65,West,28.3371,-81.556,1996,club_home_venue,34.5,0.2,14.5,open_meteo,covid_bubble_2020,
4wM4AAk5jB,YgOMngl5wN,False,,0.0,eVq3ya6MWO,9z5krrjaMA,102,FullTime,2020-07-15 09:28:20 UTC,EGMP1135aY,0Oq6zkzq6D,3,kRQa9k8QKZ,3,2020,,,3,,2020-07-13,Los Angeles FC,Houston Dynamo FC,2020-07-14 00:00,2020,0,Regular Season,LAFC,LAFC,Los Angeles FC,ESPN Wide World of Sports Complex,22000.0,13200998,78,West,28.3371,-81.556,2018,club_home_venue,34.5,0.2,14.5,open_meteo,covid_bubble_2020,
vzqoAjJMap,EKXMeX3Q64,False,,0.0,kRQabn8MKZ,jYQJEEyGqG,105,FullTime,2020-07-15 08:21:15 UTC,EGMP1135aY,Xj5Yx60Mbd,2,zeQZlGK5Kw,3,2020,,,2,,2020-07-13,Toronto FC,D.C. United,2020-07-13 13:00,2020,0,Regular Season,TOR,TOR,Toronto FC,ESPN Wide World of Sports Complex,28351.0,6712000,69,East,28.3371,-81.556,2007,club_home_venue,34.5,0.2,14.5,open_meteo,covid_bubble_2020,
0Oq6VPgq6D,pzeQZ6xQKw,False,,0.0,a2lqR4JMr0,2lqREEe45r,99,FullTime,2020-07-14 09:19:52 UTC,EGMP1135aY,kRQa9zmQKZ,0,9z5kJ7gMA3,3,2020,,,2,,2020-07-12,Real Salt Lake,Colorado Rapids,2020-07-13 02:30,2020,0,Regular Season,RSL,RSL,Real Salt Lake,ESPN Wide World of Sports Complex,20213.0,1257936,44,West,28.3371,-81.556,2005,club_home_venue,32.0,2.0,13.2,open_meteo,covid_bubble_2020,
OlMlYvy5Lz,kRQand1MKZ,False,,0.0,Z2vQ1xlqrA,vzqo33zpqa,104,FullTime,2020-07-14 09:50:07 UTC,EGMP1135aY,N6MmpyLQEG,2,odMX96a5YL,3,2020,,,1,,2020-07-12,Sporting Kansas City,Minnesota United FC,2020-07-13 00:00,2020,0,Regular Season,SKC,SKC,Sporting Kansas City,ESPN Wide World of Sports Complex,18467.0,2238279,51,West,28.3371,-81.556,1996,club_home_venue,32.0,2.0,13.2,open_meteo,covid_bubble_2020,
NPqxkDY59d,mvzqoLZQap,False,,0.0,NWMWlBK5lz,0Oq6mmeP56,98,FullTime,2020-07-13 11:18:45 UTC,EGMP1135aY,eV5DWdEMKn,4,e7MzPKXqr0,3,2020,,,0,,2020-07-11,FC Cincinnati,Columbus Crew,2020-07-12 03:20,2020,0,Regular Season,CIN,CIN,FC Cincinnati,ESPN Wide World of Sports Complex,26000.0,2271479,55,East,28.3371,-81.556,2019,club_home_venue,31.9,5.3,15.6,open_meteo,covid_bubble_2020,
vzqo2dv5ap,a2lqRX2Mr0,False,,0.0,KAqBN0Vqbg,0x5gyyzmQ7,103,FullTime,2020-07-14 08:46:51 UTC,EGMP1135aY,e7Mz3GG5r0,1,vzqoWjkqap,3,2020,,,0,,2020-07-11,Atlanta United FC,New York Red Bulls,2020-07-12 00:45,2020,0,Regular Season,ATL,ATL,Atlanta United FC,ESPN Wide World of Sports Complex,42500.0,6144050,52,East,28.3371,-81.556,2017,club_home_venue,31.9,5.3,15.6,open_meteo,covid_bubble_2020,
2vQ10jwqrA,0KPqjA456v,False,,0.0,jYQJ19EqGR,eVq3mmlGMW,104,FullTime,2020-07-12 09:14:59 UTC,EGMP1135aY,odMXxreMYL,0,Pk5LRpDQOW,3,2020,,,0,,2020-07-10,Seattle Sounders FC,San Jose Earthquakes,2020-07-11 01:00,2020,0,Regular Season,SEA,SEA,Seattle Sounders FC,ESPN Wide World of Sports Complex,68740.0,4044837,71,West,28.3371,-81.556,2009,club_home_venue,31.3,23.0,14.3,open_meteo,covid_bubble_2020,
LeVq3j5WOJ,19vQ2095K6,False,,0.0,APk5LGOMOW,e7Mzkkoj5r,100,FullTime,2020-07-11 08:50:17 UTC,EGMP1135aY,vzqokNkqap,1,wvq9vKlQWn,3,2020,,,0,,2020-07-09,CF Montréal,New England Revolution,2020-07-10 00:00,2020,0,Regular Season,MTL,MTL,CF Montréal,ESPN Wide World of Sports Complex,19619.0,4292000,46,East,28.3371,-81.556,2012,club_home_venue,32.5,0.6,13.2,open_meteo,covid_bubble_2020,
0Oq6vPrq6D,9z5k7Yg5A3,False,,0.0,Vj58weDM8n,ljqEEEkkqx,103,FullTime,2020-07-11 07:42:47 UTC,EGMP1135aY,2lqRa4D5r0,1,gjMNk4v5Kp,3,2020,,,0,,2020-07-09,New York City FC,Philadelphia Union,2020-07-09 13:00,2020,0,Regular Season,NYC,NYC,New York City FC,ESPN Wide World of Sports Complex,54251.0,19979477,82,East,28.3371,-81.556,2015,club_home_venue,32.5,0.6,13.2,open_meteo,covid_bubble_2020,
7VqG6WY5vW,zeQZkL1MKw,False,,0.0,jYQJ8EW5GR,XVqKEE7BM0,105,FullTime,2020-09-12 23:46:53 UTC,EGMP1135aY,gjMNk8v5Kp,1,ljqExYw5x0,3,2020,,,2,,2020-07-08,Orlando City SC,Inter Miami CF,2020-07-09 00:00,2020,0,Regular Season,ORL,ORL,Orlando City SC,ESPN Wide World of Sports Complex,24453.0,3238723,44,East,28.3371,-81.556,2015,club_home_venue,29.4,7.3,19.4,open_meteo,covid_bubble_2020,
0Oq6vPrq6D,9z5k7Yg5A3,False,,22112.0,eVq3ya6MWO,7vQ7E8AE5D,107,FullTime,2020-03-10 13:01:36 UTC,7vQ7xbOMD1,0Oq6zkzq6D,3,jYQJnoVQGR,2,2020,,,3,,2020-03-08,Los Angeles FC,Philadelphia Union,2020-03-09 02:30,2020,0,Regular Season,LAFC,LAFC,Los Angeles FC,BMO Stadium,22000.0,13200998,78,West,34.013,-118.285,2018,match_venue,18.2,0.2,23.4,open_meteo,covid_bubble_2020,
gOMnDkAqwN,vzqoOgNqap,False,,25518.0,WBLMvYAQxe,raMyaXDkMd,97,FullTime,2020-03-10 19:17:11 UTC,p6qbX06M0G,gpMOYv1qzy,0,gjMNk4v5Kp,2,2020,,,1,,2020-03-08,Portland Timbers FC,Nashville SC,2020-03-08 23:00,2020,0,Regular Season,POR,POR,Portland Timbers FC,Providence Park,25218.0,2508050,58,West,45.5214,-122.6917,2011,match_venue,9.6,0.0,9.8,open_meteo,covid_bubble_2020,
NPqxkDY59d,mvzqoLZQap,False,,33080.0,jYQJ19EqGR,gjMNxXNkqK,101,FullTime,2020-03-11 14:32:41 UTC,9Yqda07QvJ,odMXxreMYL,1,9z5kJ7gMA3,2,2020,,,1,,2020-03-07,Seattle Sounders FC,Columbus Crew,2020-03-08 03:00,2020,0,Regular Season,SEA,SEA,Seattle Sounders FC,Lumen Field,38500.0,4044837,71,West,47.5952,-122.3316,2009,match_venue,7.1,1.3,17.8,open_meteo,covid_bubble_2020,
0Oq6mxd56D,lgpMOvnQzy,False,,26382.0,kaDQ0wRqEv,vzqoDpmjQa,100,FullTime,2020-03-11 10:03:23 UTC,wvq9p1Y5Wn,Xj5Yrklqbd,1,e7MzPKXqr0,2,2020,,,0,,2020-03-07,LA Galaxy,Vancouver Whitecaps FC,2020-03-08 03:00,2020,0,Regular Season,LA,LA,LA Galaxy,Dignity Health Sports Park,27000.0,13200998,65,West,33.864,-118.261,1996,match_venue,16.7,3.1,19.1,open_meteo,covid_bubble_2020,
gjMNk8v5Kp,jYQJ8EW5GR,False,,13062.0,pzeQZ6xQKw,gOMn7jmm5w,98,FullTime,2020-03-10 18:54:11 UTC,9z5ka6gQA3,0Oq6VPgq6D,1,odMX96a5YL,2,2020,,,2,,2020-03-07,Colorado Rapids,Orlando City SC,2020-03-08 02:00,2020,0,Regular Season,COL,COL,Colorado Rapids,Dick's Sporting Goods Park,18081.0,2963821,40,West,39.8056,-104.8919,1996,match_venue,17.2,0.0,19.2,open_meteo,covid_bubble_2020,
4wM4AAk5jB,YgOMngl5wN,False,,21188.0,Z2vQ1xlqrA,gpMOYJmnqz,98,FullTime,2020-03-10 14:59:57 UTC,NPqxy6XQ9d,N6MmpyLQEG,0,vzqoWjkqap,2,2020,,,4,,2020-03-07,Sporting Kansas City,Houston Dynamo FC,2020-03-08 01:30,2020,0,Regular Season,SKC,SKC,Sporting Kansas City,Children's Mercy Park,18467.0,2238279,51,West,39.1214,-94.821,1996,match_venue,16.8,0.0,24.6,open_meteo,covid_bubble_2020,
OlMlYvy5Lz,kRQand1MKZ,False,,12223.0,0KPqjA456v,Pk5LxlPL5O,98,FullTime,2020-03-11 10:11:43 UTC,Vj58W84M8n,2vQ10jwqrA,5,EGMPPnAMaY,2,2020,,,2,,2020-03-07,San Jose Earthquakes,Minnesota United FC,2020-03-08 01:00,2020,0,Regular Season,SJ,SJ,San Jose Earthquakes,PayPal Park,18000.0,1999107,47,West,37.3514,-121.925,1996,match_venue,13.1,8.1,14.8,open_meteo,covid_bubble_2020,
BLMvDGBqxe,NWMWlBK5lz,False,,69301.0,KAqBN0Vqbg,0Oq6ANKX56,101,FullTime,2020-03-25 13:41:39 UTC,NWMWoaeMlz,e7Mz3GG5r0,1,KAqB3m7Qbg,2,2020,,,2,,2020-03-07,Atlanta United FC,FC Cincinnati,2020-03-08 00:00,2020,0,Regular Season,ATL,ATL,Atlanta United FC,Mercedes-Benz Stadium,42500.0,6144050,52,East,33.7556,-84.4,2017,match_venue,13.0,0.0,20.9,open_meteo,covid_bubble_2020,
2lqRa4D5r0,Vj58weDM8n,False,,26171.0,kRQabn8MKZ,7VqGvAKe5v,101,FullTime,2020-05-18 18:44:46 UTC,2lqRRVnqr0,Xj5Yx60Mbd,0,EGMPLlxMaY,2,2020,,,1,,2020-03-07,Toronto FC,New York City FC,2020-03-07 22:00,2020,0,Regular Season,TOR,TOR,Toronto FC,BMO Field,30991.0,6712000,69,East,43.6328,-79.4186,2007,match_venue,2.0,0.0,18.2,open_meteo,covid_bubble_2020,
7VqG6WY5vW,zeQZkL1MKw,False,,17183.0,EKXMeX3Q64,EGMPxj74Ma,108,FullTime,2020-03-10 15:11:27 UTC,xW5pwORMg1,vzqoAjJMap,1,ljqExYw5x0,2,2020,,,2,,2020-03-07,D.C. United,Inter Miami CF,2020-03-07 20:30,2020,0,Regular Season,DC,DC,D.C. United,Audi Field,20000.0,6394598,50,East,38.8683,-77.0122,1996,match_venue,9.4,0.2,29.8,open_meteo,covid_bubble_2020,
vzqokNkqap,APk5LGOMOW,False,,15865.0,mKAqBBmqbg,315VxJdEQ9,100,FullTime,2020-04-16 13:01:35 UTC,eVq3alGMWO,eV5DNVJQKn,2,2lqRymD5r0,2,2020,,,2,,2020-03-07,FC Dallas,CF Montréal,2020-03-07 20:00,2020,0,Regular Season,DAL,DAL,FC Dallas,Toyota Stadium,20500.0,7759615,43,West,33.1544,-96.8353,1996,match_venue,16.2,0.0,24.4,open_meteo,covid_bubble_2020,
vzqo2dv5ap,a2lqRX2Mr0,False,,18093.0,a2lqR4JMr0,0x5g98mrQ7,98,FullTime,2020-05-18 18:46:32 UTC,e7MzlRjqr0,kRQa9zmQKZ,1,9vQ2mPaqK6,2,2020,,,1,,2020-03-07,Real Salt Lake,New York Red Bulls,2020-03-07 19:00,2020,0,Regular Season,RSL,RSL,Real Salt Lake,America First Field,20213.0,1257936,44,West,40.5829,-111.8932,2005,match_venue,15.6,0.0,28.2,open_meteo,covid_bubble_2020,
9Yqd8woqvJ,X0Oq66zq6D,False,,15289.0,19vQ2095K6,NWMWxOm75l,97,FullTime,2020-03-18 22:12:31 UTC,wvq9p775Wn,LeVq3j5WOJ,1,zeQZlGK5Kw,2,2020,,,1,,2020-03-07,New England Revolution,Chicago Fire FC,2020-03-07 18:30,2020,0,Regular Season,NE,NE,New England Revolution,Gillette Stadium,65878.0,4941632,53,East,42.091,-71.264,1996,match_venue,5.2,2.1,27.4,open_meteo,covid_bubble_2020,
OlMlYvy5Lz,kRQand1MKZ,False,,25218.0,WBLMvYAQxe,KAqBAxKJ5b,97,FullTime,2020-03-11 18:40:27 UTC,p6qbX06M0G,gpMOYv1qzy,3,e7MzPKXqr0,1,2020,,,1,,2020-03-01,Portland Timbers FC,Minnesota United FC,2020-03-02 00:30,2020,0,Regular Season,POR,POR,Portland Timbers FC,Providence Park,25218.0,2508050,58,West,45.5214,-122.6917,2011,match_venue,8.0,0.0,8.4,open_meteo,covid_bubble_2020,
7VqG6WY5vW,zeQZkL1MKw,False,,22121.0,eVq3ya6MWO,eVq3AVK6MW,98,FullTime,2020-03-10 15:12:13 UTC,7vQ7xbOMD1,0Oq6zkzq6D,0,vzqoWjkqap,1,2020,,,1,,2020-03-01,Los Angeles FC,Inter Miami CF,2020-03-01 22:30,2020,0,Regular Season,LAFC,LAFC,Los Angeles FC,BMO Stadium,22000.0,13200998,78,West,34.013,-118.285,2018,match_venue,14.9,1.5,28.2,open_meteo,covid_bubble_2020,
9Yqd8woqvJ,X0Oq66zq6D,False,,40126.0,jYQJ19EqGR,Oa5waEBjQ1,101,FullTime,2020-03-07 03:47:15 UTC,9Yqda07QvJ,odMXxreMYL,1,KPqjDeNM6v,1,2020,,,2,,2020-03-01,Seattle Sounders FC,Chicago Fire FC,2020-03-01 20:00,2020,0,Regular Season,SEA,SEA,Seattle Sounders FC,Lumen Field,38500.0,4044837,71,West,47.5952,-122.3316,2009,match_venue,7.3,1.0,10.5,open_meteo,covid_bubble_2020,
BLMvDGBqxe,NWMWlBK5lz,False,,15703.0,a2lqRX2Mr0,jYQJAvKyqG,97,FullTime,2020-03-07 03:47:29 UTC,NWMW84L5lz,vzqo2dv5ap,2,gOMnB7AMwN,1,2020,,,3,,2020-03-01,New York Red Bulls,FC Cincinnati,2020-03-01 18:00,2020,0,Regular Season,NY,NY,New York Red Bulls,Red Bull Arena,25000.0,19979477,67,East,40.7367,-74.1503,1996,match_venue,6.7,0.0,20.1,open_meteo,covid_bubble_2020,
2lqRa4D5r0,Vj58weDM8n,False,,17473.0,mvzqoLZQap,2lqRxBm0Mr,100,FullTime,2020-03-18 12:34:55 UTC,p6qbeb850G,NPqxkDY59d,0,4wM4voBqjB,1,2020,,,1,,2020-03-01,Columbus Crew,New York City FC,2020-03-01 17:30,2020,0,Regular Season,CLB,CLB,Columbus Crew,Historic Crew Stadium,19968.0,2138926,42,East,40.0094,-82.9911,1996,match_venue,10.7,0.0,20.2,open_meteo,covid_bubble_2020,
N6MmpyLQEG,Z2vQ1xlqrA,False,,22120.0,lgpMOvnQzy,vzqoDpmkQa,98,FullTime,2020-03-07 03:47:55 UTC,ljqEDnO5x0,0Oq6mxd56D,3,EGMPLlxMaY,1,2020,,,1,,2020-02-29,Vancouver Whitecaps FC,Sporting Kansas City,2020-03-01 03:30,2020,0,Regular Season,VAN,VAN,Vancouver Whitecaps FC,BC Place,22120.0,2906000,52,West,49.2767,-123.1119,2011,match_venue,6.6,4.3,27.7,open_meteo,covid_bubble_2020,
e7Mz3GG5r0,KAqBN0Vqbg,False,,59069.0,vzqoOgNqap,7VqGvA9j5v,98,FullTime,2020-03-10 15:11:07 UTC,KXMe8pxQ64,gOMnDkAqwN,2,Pk5LRpDQOW,1,2020,,,1,,2020-02-29,Nashville SC,Atlanta United FC,2020-03-01 01:00,2020,0,Regular Season,NSH,NSH,Nashville SC,Nissan Stadium,69143.0,2107533,58,East,36.1664,-86.7714,2020,match_venue,8.4,0.0,10.2,open_meteo,covid_bubble_2020,
kRQa9zmQKZ,a2lqR4JMr0,False,,25527.0,jYQJ8EW5GR,gOMn7jmX5w,95,FullTime,2020-03-07 03:48:24 UTC,vzqoJrj5ap,gjMNk8v5Kp,0,ljqExYw5x0,1,2020,,,0,,2020-02-29,Orlando City SC,Real Salt Lake,2020-02-29 23:00,2020,0,Regular Season,ORL,ORL,Orlando City SC,Inter&Co Stadium,25500.0,3238723,44,East,28.5411,-81.3893,2015,match_venue,17.3,0.0,24.4,open_meteo,covid_bubble_2020,
0Oq6vPrq6D,9z5k7Yg5A3,False,,16219.0,mKAqBBmqbg,gpMOYJmEqz,100,FullTime,2020-03-07 03:48:39 UTC,eVq3alGMWO,eV5DNVJQKn,0,KAqB3m7Qbg,1,2020,,,2,,2020-02-29,FC Dallas,Philadelphia Union,2020-02-29 23:00,2020,0,Regular Season,DAL,DAL,FC Dallas,Toyota Stadium,20500.0,7759615,43,West,33.1544,-96.8353,1996,match_venue,20.9,0.0,33.9,open_meteo,covid_bubble_2020,
Xj5Yx60Mbd,kRQabn8MKZ,False,,18000.0,0KPqjA456v,0Oq6ANKA56,98,FullTime,2020-03-07 03:48:54 UTC,Vj58W84M8n,2vQ10jwqrA,2,gjMNk4v5Kp,1,2020,,,2,,2020-02-29,San Jose Earthquakes,Toronto FC,2020-02-29 22:30,2020,0,Regular Season,SJ,SJ,San Jose Earthquakes,PayPal Park,18000.0,1999107,47,West,37.3514,-121.925,1996,match_venue,16.2,0.0,20.5,open_meteo,covid_bubble_2020,
Xj5Yrklqbd,kaDQ0wRqEv,False,,22039.0,YgOMngl5wN,7VqGvAK65v,96,FullTime,2020-03-07 03:49:04 UTC,0x5g6ojM7O,4wM4AAk5jB,1,9z5kJ7gMA3,1,2020,,,1,,2020-02-29,Houston Dynamo FC,LA Galaxy,2020-02-29 20:30,2020,0,Regular Season,HOU,HOU,Houston Dynamo FC,Shell Energy Stadium,22039.0,7386941,41,West,29.7522,-95.3524,2006,match_venue,21.4,0.0,23.6,open_meteo,covid_bubble_2020,
LeVq3j5WOJ,19vQ2095K6,False,,21006.0,APk5LGOMOW,0x5g98mZQ7,100,FullTime,2020-03-07 03:49:25 UTC,9vQ2dvm5K6,vzqokNkqap,1,jYQJnoVQGR,1,2020,,,2,,2020-02-29,CF Montréal,New England Revolution,2020-02-29 20:00,2020,0,Regular Season,MTL,MTL,CF Montréal,Stade Olympique,61004.0,4292000,46,East,45.558,-73.552,2012,match_venue,-7.5,0.0,17.9,open_meteo,covid_bubble_2020,
0Oq6VPgq6D,pzeQZ6xQKw,False,,16932.0,EKXMeX3Q64,NWMWxOmK5l,97,FullTime,2020-03-07 03:46:34 UTC,xW5pwORMg1,vzqoAjJMap,2,7VqG6KX5vW,1,2020,,,1,,2020-02-29,D.C. United,Colorado Rapids,2020-02-29 18:00,2020,0,Regular Season,DC,DC,D.C. United,Audi Field,20000.0,6394598,50,East,38.8683,-77.0122,1996,match_venue,1.8,0.0,26.6,open_meteo,covid_bubble_2020,
Oa5wREAM14,lgpMOvnQzy,False,,,X0Oq66zq6D,e7MzyoAGQr,100,FullTime,2026-10-07 02:51:40 UTC,gpMOzdEQzy,0x5gN9PM7O,1,Vj58OwwM8n,16,2026,,,3,,2026-10-06,Chicago Fire FC,Vancouver Whitecaps FC,2026-10-07 00:30,2026,0,Regular Season,CHI,CHI,Chicago Fire FC,Soldier Field,61500.0,9478801,48,East,41.8623,-87.6167,1998,match_venue,21.8,0.0,17.7,open_meteo,missing_attendance,0.0
0Oq6GndQ6D,WBLMvYAQxe,False,,,jYQJ19EqGR,Xj5YPzLRMb,104,FullTime,2026-07-18 14:40:46 UTC,9Yqda07QvJ,odMXxreMYL,5,9vQ2mPaqK6,16,2026,,,1,,2026-07-16,Seattle Sounders FC,Portland Timbers FC,2026-07-17 02:30,2026,0,Regular Season,SEA,SEA,Seattle Sounders FC,Lumen Field,38500.0,4044837,71,West,47.5952,-122.3316,2009,match_venue,19.5,4.9,16.3,open_meteo,missing_attendance,0.0
odMXxreMYL,jYQJ19EqGR,False,,,eVq3ya6MWO,p6qbYzRw50,96,FullTime,2026-05-25 03:22:25 UTC,7vQ7xbOMD1,0Oq6mxd56D,0,4wM4voBqjB,15,2026,,,1,,2026-05-24,Los Angeles FC,Seattle Sounders FC,2026-05-25 01:15,2026,0,Regular Season,LAFC,LAFC,Los Angeles FC,BMO Stadium,22000.0,13200998,78,West,34.013,-118.285,2018,match_venue,21.1,0.0,13.3,open_meteo,missing_attendance,0.0
zeQZVw1QKw,9z5k7Yg5A3,False,,,zeQZkL1MKw,XVqKw7G0q0,111,FullTime,2026-05-25 01:22:33 UTC,odMXgYWQYL,NWMWY8jqlz,4,9vQ2mPaqK6,15,2026,,,6,,2026-05-24,Inter Miami CF,Philadelphia Union,2026-05-24 23:00,2026,0,Regular Season,MIA,MIA,Inter Miami CF,Miami Freedom Park,26700.0,6183199,88,East,25.789,-80.259,2020,match_venue,29.9,7.4,17.1,open_meteo,missing_attendance,0.0
7vQ7z0dqD1,KAqBN0Vqbg,False,,,mvzqoLZQap,BLMvVGkWMx,99,FullTime,2026-05-25 00:34:37 UTC,2vQ1eawQrA,9z5kj1aMA3,0,jYQJnoVQGR,15,2026,,,2,,2026-05-24,Columbus Crew,Atlanta United FC,2026-05-24 21:00,2026,0,Regular Season,CLB,CLB,Columbus Crew,Lower.com Field,20371.0,2138926,42,East,39.9685,-83.0171,1996,match_venue,21.7,8.7,10.5,open_meteo,missing_attendance,0.0
p6qbk8pQ0G,mKAqBBmqbg,False,,,pzeQZ6xQKw,kRQalzejqK,101,FullTime,2026-05-24 10:17:47 UTC,9z5ka6gQA3,,2,e7MzPKXqr0,15,2026,,,1,,2026-05-23,Colorado Rapids,FC Dallas,2026-05-24 01:30,2026,0,Regular Season,COL,COL,Colorado Rapids,Dick's Sporting Goods Park,18081.0,2963821,40,West,39.8056,-104.8919,1996,match_venue,23.6,0.0,13.0,open_meteo,missing_attendance,0.0
Oa5wREAM14,lgpMOvnQzy,True,,0.0,zeQZkL1MKw,Vj589JGmq8,102,FullTime,2025-12-06 21:51:28 UTC,0x5gJZjM7O,vzqoKeZqap,1,Pk5LRpDQOW,43,2025,,,3,,2025-12-06,Inter Miami CF,Vancouver Whitecaps FC,2025-12-06 19:30,2025,1,Playoff,MIA,MIA,Inter Miami CF,Chase Stadium,18000.0,6183199,88,East,26.1931,-80.1611,2020,match_venue,29.5,0.0,11.8,open_meteo,suspected_data_error,0.0
wvq9NPNQWn,NPqxKXZ59d,False,,0.0,Vj58weDM8n,9YqdjNNRMv,103,FullTime,2025-09-21 14:06:50 UTC,eVq32yn5WO,0x5g9gZQ7O,0,kRQa9k8QKZ,33,2025,,,2,,2025-09-20,New York City FC,Charlotte FC,2025-09-20 16:00,2025,0,Regular Season,NYC,NYC,New York City FC,Yankee Stadium,28743.0,19979477,82,East,40.8292,-73.9264,2015,match_venue,23.6,0.0,13.7,open_meteo,suspected_data_error,0.0
0x5gZ3rM7O,EKXMeX3Q64,False,,0.0,Vj58weDM8n,jYQJmNRGqG,100,FullTime,2025-08-31 10:38:14 UTC,eVq32yn5WO,0x5g9gZQ7O,2,e7MzjxJMr0,30,2025,,,1,,2025-08-30,New York City FC,D.C. United,2025-08-30 23:30,2025,0,Regular Season,NYC,NYC,New York City FC,Yankee Stadium,28743.0,19979477,82,East,40.8292,-73.9264,2015,match_venue,25.7,0.0,13.2,open_meteo,suspected_data_error,0.0
2vQ1z6xMrA,a2lqRX2Mr0,False,,0.0,X0Oq66zq6D,XVqKzDlD50,103,FullTime,2025-07-27 02:54:17 UTC,gpMOzdEQzy,0x5gN9PM7O,0,vzqoWjkqap,26,2025,,,1,,2025-07-26,Chicago Fire FC,New York Red Bulls,2025-07-27 00:30,2025,0,Regular Season,CHI,CHI,Chicago Fire FC,Soldier Field,61500.0,9478801,48,East,41.8623,-87.6167,1998,match_venue,28.7,3.9,12.9,open_meteo,suspected_data_error,0.0
KAqBEaW5bg,kRQand1MKZ,False,,0.0,wvq9B9wQWn,Xj5YpbDaMb,107,FullTime,2025-07-27 03:00:13 UTC,4wM4ez45jB,XVqKweaq01,2,2lqRymD5r0,26,2025,,,1,,2025-07-26,St. Louis City SC,Minnesota United FC,2025-07-27 00:30,2025,0,Regular Season,STL,STL,St. Louis City SC,Energizer Park,22423.0,2820253,54,West,38.6312,-90.2105,2023,match_venue,34.0,2.6,16.7,open_meteo,suspected_data_error,0.0
0Oq6VPgq6D,kRQabn8MKZ,False,,0.0,NPqxKXZ59d,BLMvjZvBMx,100,FullTime,2025-07-27 01:55:10 UTC,KXMeOR2q64,wvq9NPNQWn,0,9z5kJ7gMA3,26,2025,,,2,,2025-07-26,Charlotte FC,Toronto FC,2025-07-26 23:30,2025,0,Regular Season,CLT,CLT,Charlotte FC,Bank of America Stadium,74867.0,2701487,55,East,35.2258,-80.853,2022,match_venue,36.5,0.2,10.4,open_meteo,suspected_data_error,0.0
vzqo2dv5ap,pzeQZ6xQKw,False,,0.0,9z5k7Yg5A3,e7MzjDveMr,99,FullTime,2025-07-27 02:07:46 UTC,NWMW8ZN5lz,zeQZVw1QKw,1,ljqEymNqx0,26,2025,,,3,,2025-07-26,Philadelphia Union,Colorado Rapids,2025-07-26 23:30,2025,0,Regular Season,PHI,PHI,Philadelphia Union,Subaru Park,18500.0,6245051,46,East,39.8322,-75.3789,2010,match_venue,31.1,1.2,13.9,open_meteo,suspected_data_error,0.0
KAqBwv7Qbg,gpMOLwl5zy,False,,0.0,EKXMeX3Q64,p6qbjAZbq0,111,FullTime,2025-07-27 02:43:16 UTC,xW5pwORMg1,0x5gXPLq7O,4,ljqExYw5x0,26,2025,,,2,,2025-07-26,D.C. United,Austin FC,2025-07-26 23:30,2025,0,Regular Season,DC,DC,D.C. United,Audi Field,20000.0,6394598,50,East,38.8683,-77.0122,1996,match_venue,33.5,1.0,8.6,open_meteo,suspected_data_error,0.0
odMXxreMYL,jYQJ19EqGR,False,,0.0,KAqBN0Vqbg,zeQZpbZZ5K,104,FullTime,2025-07-27 01:55:34 UTC,NWMWoaeMlz,2lqRa4D5r0,2,4wM4voBqjB,26,2025,,,2,,2025-07-26,Atlanta United FC,Seattle Sounders FC,2025-07-26 23:30,2025,0,Regular Season,ATL,ATL,Atlanta United FC,Mercedes-Benz Stadium,42500.0,6144050,52,East,33.7556,-84.4,2017,match_venue,32.7,0.6,10.5,open_meteo,suspected_data_error,0.0
vzqozWB5ap,NWMWlBK5lz,False,,0.0,zeQZkL1MKw,ljqEmPzoqx,101,FullTime,2025-07-27 02:07:28 UTC,0x5gJZjM7O,vzqoKeZqap,0,2lqRokLQr0,26,2025,,,0,,2025-07-26,Inter Miami CF,FC Cincinnati,2025-07-26 23:15,2025,0,Regular Season,MIA,MIA,Inter Miami CF,Chase Stadium,18000.0,6183199,88,East,26.1931,-80.1611,2020,match_venue,33.0,0.0,13.0,open_meteo,suspected_data_error,0.0
NWMWR1zQlz,vzqoOgNqap,False,,0.0,zeQZBOzQKw,4wM4b314qj,106,FullTime,2025-07-26 16:33:38 UTC,Oa5wKXY514,aDQ0bNE5Ev,0,Pk5LRpDQOW,26,2025,,,1,,2025-07-25,San Diego FC,Nashville SC,2025-07-26 02:30,2025,0,Regular Season,SD,SD,San Diego FC,Snapdragon Stadium,35000.0,3286069,58,West,32.7831,-117.1188,2025,match_venue,22.7,0.0,15.5,open_meteo,suspected_data_error,0.0
0x5gN9PM7O,X0Oq66zq6D,False,,0.0,APk5LGOMOW,a35rjb745L,104,FullTime,2025-07-21 18:05:07 UTC,NWMW8pj5lz,KXMeDJPQ64,2,4JMAYlPMKg,25,2025,,,0,,2025-07-19,CF Montréal,Chicago Fire FC,2025-07-19 23:30,2025,0,Regular Season,MTL,MTL,CF Montréal,Stade Saputo,19619.0,4292000,46,East,45.5631,-73.5525,2012,match_venue,26.6,0.0,15.7,open_meteo,suspected_data_error,0.0
4wM4vOAqjB,a2lqR4JMr0,False,,0.0,kaDQ0wRqEv,315VpbBYQ9,97,FullTime,2025-06-02 09:49:11 UTC,wvq9p1Y5Wn,Xj5Yx60Mbd,0,ljqExYw5x0,17,2025,,,2,,2025-05-31,LA Galaxy,Real Salt Lake,2025-06-01 02:30,2025,0,Regular Season,LA,LA,LA Galaxy,Dignity Health Sports Park,27000.0,13200998,65,West,33.864,-118.261,1996,match_venue,28.5,0.0,8.1,open_meteo,suspected_data_error,0.0
vzqoAjJMap,YgOMngl5wN,False,,0.0,Vj58weDM8n,7VqGbz1z5v,99,FullTime,2025-05-29 19:42:58 UTC,eVq32yn5WO,0x5g9gZQ7O,3,ljqExYw5x0,16,2025,,,0,,2025-05-28,New York City FC,Houston Dynamo FC,2025-05-28 23:30,2025,0,Regular Season,NYC,NYC,New York City FC,Yankee Stadium,28743.0,19979477,82,East,40.8292,-73.9264,2015,match_venue,19.8,9.4,12.4,open_meteo,suspected_data_error,0.0
KPqjO38Q6v,mvzqoLZQap,False,,0.0,NPqxKXZ59d,9vQ2bJeLQK,99,FullTime,2025-05-26 00:24:22 UTC,KXMeOR2q64,wvq9NPNQWn,2,2lqRG1WQr0,15,2025,,,3,,2025-05-24,Charlotte FC,Columbus Crew,2025-05-24 23:30,2025,0,Regular Season,CLT,CLT,Charlotte FC,Bank of America Stadium,74867.0,2701487,55,East,35.2258,-80.853,2022,match_venue,24.7,0.0,11.9,open_meteo,suspected_data_error,0.0
vzqozWB5ap,NWMWlBK5lz,False,,0.0,Vj58weDM8n,kRQajDwjMK,98,FullTime,2025-05-06 08:13:42 UTC,KAqBVWBqbg,0x5g9gZQ7O,0,Pk5LRpDQOW,11,2025,,,1,,2025-05-04,New York City FC,FC Cincinnati,2025-05-04 19:00,2025,0,Regular Season,NYC,NYC,New York City FC,Citi Field,41922.0,19979477,82,East,40.7569,-73.8458,2015,match_venue,19.1,14.3,12.9,open_meteo,suspected_data_error,0.0
0Oq6e7A56D,KAqBN0Vqbg,True,,0.0,zeQZkL1MKw,4wM4brApqj,105,FullTime,2024-11-10 18:42:38 UTC,0x5gJZjM7O,7vQ7z0dqD1,3,2lqRG1WQr0,42,2024,,,2,,2024-11-09,Inter Miami CF,Atlanta United FC,2024-11-10 01:00,2024,1,Playoff,MIA,MIA,Inter Miami CF,Chase Stadium,18000.0,6183199,88,East,26.1931,-80.1611,2020,match_venue,27.9,0.0,22.4,open_meteo,suspected_data_error,0.0
gpMOPN75zy,Vj58weDM8n,True,True,0.0,NWMWlBK5lz,e7Mzj7a6Mr,98,FullTime,2024-11-10 20:04:55 UTC,Oa5wKLY514,vzqozWB5ap,0,Pk5LRpDQOW,42,2024,6.0,,0,5.0,2024-11-09,FC Cincinnati,New York City FC,2024-11-09 21:00,2024,1,Playoff,CIN,CIN,FC Cincinnati,TQL Stadium,26000.0,2271479,55,East,39.1114,-84.5222,2019,match_venue,15.7,0.0,15.0,open_meteo,suspected_data_error,0.0
Pk5LWONMOW,lgpMOvnQzy,True,,0.0,eVq3ya6MWO,NWMWpWxK5l,97,FullTime,2024-11-10 07:37:15 UTC,7vQ7xbOMD1,NWMWxKe5lz,0,odMX96a5YL,42,2024,,,1,,2024-11-08,Los Angeles FC,Vancouver Whitecaps FC,2024-11-09 03:30,2024,1,Playoff,LAFC,LAFC,Los Angeles FC,BMO Stadium,22000.0,13200998,78,West,34.013,-118.285,2018,match_venue,24.0,0.0,20.3,open_meteo,suspected_data_error,0.0
gpMOYJ7qzy,WBLMvYAQxe,True,,0.0,lgpMOvnQzy,Oa5wjDa8M1,96,FullTime,2024-10-28 11:44:28 UTC,p6qbX06M0G,Pk5LWONMOW,0,ljqExYw5x0,39,2024,,,5,,2024-10-23,Vancouver Whitecaps FC,Portland Timbers FC,2024-10-24 02:30,2024,1,Playoff,VAN,VAN,Vancouver Whitecaps FC,Providence Park,25218.0,2906000,52,West,45.5214,-122.6917,2011,match_venue,12.6,0.3,8.9,open_meteo,suspected_data_error,0.0
NWMWxKe5lz,eVq3ya6MWO,False,,0.0,YgOMngl5wN,raMyn0kA5d,98,FullTime,2024-09-10 08:29:55 UTC,0x5g6ojM7O,vzqoAjJMap,0,wvq9vKlQWn,24,2024,,,0,,2024-09-07,Houston Dynamo FC,Los Angeles FC,2024-09-08 00:30,2024,0,Regular Season,HOU,HOU,Houston Dynamo FC,Shell Energy Stadium,22039.0,7386941,41,West,29.7522,-95.3524,2006,match_venue,30.0,0.0,33.4,open_meteo,suspected_data_error,0.0
0Oq6e7A56D,KAqBN0Vqbg,False,,0.0,NPqxKXZ59d,odMXzAxxqY,99,FullTime,2024-09-03 11:27:11 UTC,KXMeOR2q64,wvq9NPNQWn,1,e7MzjxJMr0,29,2024,,,0,,2024-08-31,Charlotte FC,Atlanta United FC,2024-08-31 23:30,2024,0,Regular Season,CLT,CLT,Charlotte FC,Bank of America Stadium,74867.0,2701487,55,East,35.2258,-80.853,2022,match_venue,31.1,0.9,11.2,open_meteo,suspected_data_error,0.0
gpMOYJ7qzy,WBLMvYAQxe,False,,0.0,kaDQ0wRqEv,vzqozyDJ5a,104,FullTime,2024-07-21 05:10:40 UTC,wvq9p1Y5Wn,Xj5Yx60Mbd,2,Vj58OwwM8n,27,2024,,,3,,2024-07-20,LA Galaxy,Portland Timbers FC,2024-07-21 02:45,2024,0,Regular Season,LA,LA,LA Galaxy,Dignity Health Sports Park,27000.0,13200998,65,West,33.864,-118.261,1996,match_venue,32.2,0.0,20.3,open_meteo,suspected_data_error,0.0
NWMWxKe5lz,eVq3ya6MWO,False,,0.0,jYQJ19EqGR,2lqReAxJ5r,105,FullTime,2024-07-21 04:57:30 UTC,9Yqda07QvJ,odMXxreMYL,3,vzqoWjkqap,27,2024,,,0,,2024-07-20,Seattle Sounders FC,Los Angeles FC,2024-07-21 02:30,2024,0,Regular Season,SEA,SEA,Seattle Sounders FC,Lumen Field,38500.0,4044837,71,West,47.5952,-122.3316,2009,match_venue,27.9,0.0,18.2,open_meteo,suspected_data_error,0.0
4wM4vOAqjB,a2lqR4JMr0,False,,0.0,pzeQZ6xQKw,gOMnzN7lMw,99,FullTime,2024-07-21 05:20:01 UTC,9z5ka6gQA3,vzqo2dv5ap,2,4wM4voBqjB,27,2024,,,3,,2024-07-20,Colorado Rapids,Real Salt Lake,2024-07-21 01:30,2024,0,Regular Season,COL,COL,Colorado Rapids,Dick's Sporting Goods Park,18081.0,2963821,40,West,39.8056,-104.8919,1996,match_venue,28.5,8.6,19.6,open_meteo,suspected_data_error,0.0
eVq3ArXMWO,0KPqjA456v,False,,0.0,kRQand1MKZ,0Oq6egAx56,98,FullTime,2024-07-21 02:42:39 UTC,odMXGRrQYL,KAqBEaW5bg,0,a35rgjLqL6,27,2024,,,2,,2024-07-20,Minnesota United FC,San Jose Earthquakes,2024-07-21 00:30,2024,0,Regular Season,MIN,MIN,Minnesota United FC,Allianz Field,19400.0,3712020,49,West,44.9528,-93.165,2017,match_venue,27.5,0.6,9.9,open_meteo,suspected_data_error,0.0
wvq9NPNQWn,NPqxKXZ59d,False,,0.0,gpMOLwl5zy,0x5gzY9PM7,101,FullTime,2024-07-21 02:46:19 UTC,jYQJZDDQGR,0Oq6mNP56D,2,4JMAYlPMKg,27,2024,,,2,,2024-07-20,Austin FC,Charlotte FC,2024-07-21 00:30,2024,0,Regular Season,ATX,ATX,Austin FC,Q2 Stadium,20500.0,2352426,61,West,30.3882,-97.7198,2021,match_venue,33.3,0.0,16.0,open_meteo,suspected_data_error,0.0
gpMOPN75zy,Vj58weDM8n,False,,0.0,jYQJ8EW5GR,KAqBoZ3BQb,104,FullTime,2024-07-21 01:54:09 UTC,vzqoJrj5ap,gjMNk8v5Kp,1,odMX96a5YL,27,2024,,,1,,2024-07-20,Orlando City SC,New York City FC,2024-07-20 23:30,2024,0,Regular Season,ORL,ORL,Orlando City SC,Inter&Co Stadium,25500.0,3238723,44,East,28.5411,-81.3893,2015,match_venue,32.1,18.1,12.6,open_meteo,suspected_data_error,0.0
4JMAgwYqKg,kRQabn8MKZ,False,,0.0,APk5LGOMOW,Oa5w6NR4M1,100,FullTime,2024-07-21 01:47:24 UTC,NWMW8pj5lz,9z5kj1aMA3,1,gjMNk4v5Kp,27,2024,,,0,,2024-07-20,CF Montréal,Toronto FC,2024-07-20 23:30,2024,0,Regular Season,MTL,MTL,CF Montréal,Stade Saputo,19619.0,4292000,46,East,45.5631,-73.5525,2012,match_venue,26.9,0.6,26.3,open_meteo,suspected_data_error,0.0
KPqjO38Q6v,mvzqoLZQap,False,,0.0,KAqBN0Vqbg,Oa5w6Na4M1,100,FullTime,2024-07-21 01:40:15 UTC,NWMWoaeMlz,0Oq6e7A56D,1,9vQ2mPaqK6,27,2024,,,2,,2024-07-20,Atlanta United FC,Columbus Crew,2024-07-20 23:30,2024,0,Regular Season,ATL,ATL,Atlanta United FC,Mercedes-Benz Stadium,42500.0,6144050,52,East,33.7556,-84.4,2017,match_venue,28.2,22.2,15.0,open_meteo,suspected_data_error,0.0
4JMA4X9QKg,NWMWlBK5lz,False,,0.0,a2lqRX2Mr0,eVq3l3vVQW,103,FullTime,2024-07-21 01:45:15 UTC,NWMW84L5lz,2vQ1z6xMrA,1,EGMPLlxMaY,27,2024,,,3,,2024-07-20,New York Red Bulls,FC Cincinnati,2024-07-20 23:30,2024,0,Regular Season,NY,NY,New York Red Bulls,Red Bull Arena,25000.0,19979477,67,East,40.7367,-74.1503,1996,match_venue,28.0,1.2,17.6,open_meteo,suspected_data_error,0.0
gOMnBPJMwN,X0Oq66zq6D,False,,0.0,zeQZkL1MKw,jYQJyrokqG,104,FullTime,2024-07-21 01:47:24 UTC,0x5gJZjM7O,7vQ7z0dqD1,1,0Oq6vG2q6D,27,2024,,,2,,2024-07-20,Inter Miami CF,Chicago Fire FC,2024-07-20 23:30,2024,0,Regular Season,MIA,MIA,Inter Miami CF,Chase Stadium,18000.0,6183199,88,East,26.1931,-80.1611,2020,match_venue,31.0,3.3,17.6,open_meteo,suspected_data_error,0.0
0Oq6mNP56D,gpMOLwl5zy,False,,0.0,mKAqBBmqbg,KAqBoZ3JQb,106,FullTime,2024-07-19 12:12:20 UTC,eVq3alGMWO,zeQZyzZqKw,1,gjMNk4v5Kp,26,2024,,,3,,2024-07-17,FC Dallas,Austin FC,2024-07-18 00:30,2024,0,Regular Season,DAL,DAL,FC Dallas,Toyota Stadium,20500.0,7759615,43,West,33.1544,-96.8353,1996,match_venue,31.8,2.9,22.6,open_meteo,suspected_data_error,0.0
wvq9RbaQWn,vzqoOgNqap,False,,0.0,a2lqRX2Mr0,0Oq6egVA56,96,FullTime,2024-06-18 22:45:37 UTC,NWMW84L5lz,2vQ1z6xMrA,0,wvq9vKlQWn,19,2024,,,0,,2024-06-15,New York Red Bulls,Nashville SC,2024-06-15 23:30,2024,0,Regular Season,NY,NY,New York Red Bulls,Red Bull Arena,25000.0,19979477,67,East,40.7367,-74.1503,1996,match_venue,27.0,0.0,18.7,open_meteo,suspected_data_error,0.0
wvq9NPNQWn,NPqxKXZ59d,False,,0.0,a2lqRX2Mr0,raMyn09d5d,102,FullTime,2024-06-01 11:07:15 UTC,NWMW84L5lz,2vQ1z6xMrA,1,jYQJnoVQGR,16,2024,,,3,,2024-05-29,New York Red Bulls,Charlotte FC,2024-05-29 23:30,2024,0,Regular Season,NY,NY,New York Red Bulls,Red Bull Arena,25000.0,19979477,67,East,40.7367,-74.1503,1996,match_venue,24.5,10.5,20.0,open_meteo,suspected_data_error,0.0
odMXxreMYL,jYQJ19EqGR,False,,0.0,a2lqR4JMr0,KPqjzy8Rq6,98,FullTime,2024-05-17 20:17:20 UTC,e7MzlRjqr0,4wM4vOAqjB,0,a35rgjLqL6,13,2024,,,2,,2024-05-15,Real Salt Lake,Seattle Sounders FC,2024-05-16 01:30,2024,0,Regular Season,RSL,RSL,Real Salt Lake,America First Field,20213.0,1257936,44,West,40.5829,-111.8932,2005,match_venue,22.0,0.0,18.8,open_meteo,suspected_data_error,0.0
NPqxkDY59d,19vQ2095K6,False,,0.0,a2lqRX2Mr0,OlMlzy1EqL,111,FullTime,2024-05-14 08:30:10 UTC,NWMW84L5lz,2vQ1z6xMrA,2,4JMAYlPMKg,12,2024,,,4,,2024-05-11,New York Red Bulls,New England Revolution,2024-05-11 23:30,2024,0,Regular Season,NY,NY,New York Red Bulls,Red Bull Arena,25000.0,19979477,67,East,40.7367,-74.1503,1996,match_venue,16.4,0.0,16.4,open_meteo,suspected_data_error,0.0
NWMWxKe5lz,eVq3ya6MWO,False,,0.0,pzeQZ6xQKw,KPqjzylnq6,101,FullTime,2024-04-02 10:40:15 UTC,9z5ka6gQA3,vzqo2dv5ap,2,gjMNk4v5Kp,6,2024,,,3,,2024-03-30,Colorado Rapids,Los Angeles FC,2024-03-30 20:00,2024,0,Regular Season,COL,COL,Colorado Rapids,Dick's Sporting Goods Park,18081.0,2963821,40,West,39.8056,-104.8919,1996,match_venue,14.6,0.0,17.4,open_meteo,suspected_data_error,0.0
gOMnDkAqwN,vzqoOgNqap,False,,0.0,eVq3ya6MWO,gjMNr28kMK,100,FullTime,2024-03-26 12:32:56 UTC,7vQ7xbOMD1,NWMWxKe5lz,0,eVq3g3yqWO,5,2024,,,5,,2024-03-23,Los Angeles FC,Nashville SC,2024-03-24 02:30,2024,0,Regular Season,LAFC,LAFC,Los Angeles FC,BMO Stadium,22000.0,13200998,78,West,34.013,-118.285,2018,match_venue,17.6,5.4,37.8,open_meteo,suspected_data_error,0.0
gpMO6j7Qzy,EKXMeX3Q64,False,,0.0,wvq9B9wQWn,315VzANE59,109,FullTime,2024-03-26 06:04:04 UTC,4wM4ez45jB,zeQZVw1QKw,2,0x5gg0j57O,5,2024,,,2,,2024-03-23,St. Louis City SC,D.C. United,2024-03-24 00:30,2024,0,Regular Season,STL,STL,St. Louis City SC,Energizer Park,22423.0,2820253,54,West,38.6312,-90.2105,2023,match_venue,9.7,0.0,24.9,open_meteo,suspected_data_error,0.0
7vQ7z0dqD1,zeQZkL1MKw,False,,0.0,a2lqRX2Mr0,vzqozy1Z5a,98,FullTime,2024-03-26 06:38:14 UTC,NWMW84L5lz,2vQ1z6xMrA,0,315Vv0X59x,5,2024,,,4,,2024-03-23,New York Red Bulls,Inter Miami CF,2024-03-23 18:00,2024,0,Regular Season,NY,NY,New York Red Bulls,Red Bull Arena,25000.0,19979477,67,East,40.7367,-74.1503,1996,match_venue,9.2,61.6,32.9,open_meteo,suspected_data_error,0.0
Xj5Yx60Mbd,kaDQ0wRqEv,False,,0.0,gpMOLwl5zy,xW5pEgj6qg,107,FullTime,2023-09-27 07:08:49 UTC,jYQJZDDQGR,0Oq6mNP56D,3,EGMPLlxMaY,34,2023,,,3,,2023-09-24,Austin FC,LA Galaxy,2023-09-25 04:25,2023,0,Regular Season,ATX,ATX,Austin FC,Q2 Stadium,20500.0,2352426,61,West,30.3882,-97.7198,2021,match_venue,36.5,0.6,22.0,open_meteo,suspected_data_error,0.0
Xj5YlexMbd,kRQabn8MKZ,False,,0.0,Vj58weDM8n,a35rE6VwML,98,FullTime,2023-09-27 15:23:01 UTC,NWMW84L5lz,gpMOPN75zy,0,Vj58OwwM8n,34,2023,,,3,,2023-09-24,New York City FC,Toronto FC,2023-09-24 17:00,2023,0,Regular Season,NYC,NYC,New York City FC,Red Bull Arena,25000.0,19979477,82,East,40.7367,-74.1503,2015,match_venue,19.1,22.8,30.6,open_meteo,suspected_data_error,0.0
OlMlYvy5Lz,kRQand1MKZ,False,,0.0,Vj58weDM8n,zeQZ0lLD5K,104,FullTime,2023-08-23 14:19:20 UTC,KAqBVWBqbg,gpMOPN75zy,2,7VqG6KX5vW,27,2023,,,0,,2023-08-20,New York City FC,Minnesota United FC,2023-08-20 23:30,2023,0,Regular Season,NYC,NYC,New York City FC,Citi Field,41922.0,19979477,82,East,40.7569,-73.8458,2015,match_venue,28.0,0.0,15.2,open_meteo,suspected_data_error,0.0
zeQZVw1QKw,wvq9B9wQWn,False,,0.0,mKAqBBmqbg,e7MzEP8eQr,101,FullTime,2023-06-10 04:52:04 UTC,eVq3alGMWO,KAqBwv7Qbg,0,Pk5LRpDQOW,11,2023,,,2,,2023-06-07,FC Dallas,St. Louis City SC,2023-06-08 00:30,2023,0,Regular Season,DAL,DAL,FC Dallas,Toyota Stadium,20500.0,7759615,43,West,33.1544,-96.8353,1996,match_venue,30.9,6.9,18.4,open_meteo,suspected_data_error,0.0
2vQ1A60QrA,X0Oq66zq6D,False,,0.0,APk5LGOMOW,7vQ7nmYLqD,102,FullTime,2022-09-17 10:43:19 UTC,NWMW8pj5lz,KPqjO38Q6v,2,EGMPLlxMaY,31,2022,,,3,,2022-09-13,CF Montréal,Chicago Fire FC,2022-09-13 23:30,2022,0,Regular Season,MTL,MTL,CF Montréal,Stade Saputo,19619.0,4292000,46,East,45.5631,-73.5525,2012,match_venue,23.8,19.5,19.1,open_meteo,suspected_data_error,0.0
gpMOYJ7qzy,zeQZkL1MKw,False,,0.0,X0Oq66zq6D,eVq3gmpvqW,98,FullTime,2022-09-14 02:43:05 UTC,9YqdkYR5vJ,2vQ1A60QrA,1,e7MzabjQr0,30,2022,,,3,,2022-09-10,Chicago Fire FC,Inter Miami CF,2022-09-11 00:00,2022,0,Regular Season,CHI,CHI,Chicago Fire FC,SeatGeek Stadium,20000.0,9478801,48,East,41.7647,-87.8061,1998,match_venue,29.4,0.0,16.1,open_meteo,suspected_data_error,0.0
0Oq6mNP56D,gpMOLwl5zy,False,,0.0,jYQJ19EqGR,wvq9RmW1QW,96,FullTime,2022-09-14 02:37:35 UTC,9Yqda07QvJ,odMXxreMYL,0,0Oq6vG2q6D,30,2022,,,3,,2022-09-10,Seattle Sounders FC,Austin FC,2022-09-11 00:00,2022,0,Regular Season,SEA,SEA,Seattle Sounders FC,Lumen Field,38500.0,4044837,71,West,47.5952,-122.3316,2009,match_venue,29.6,0.0,19.2,open_meteo,suspected_data_error,0.0
gpMOPN75zy,Vj58weDM8n,False,,0.0,jYQJ8EW5GR,NPqxrReWM9,103,FullTime,2022-08-31 22:14:45 UTC,vzqoJrj5ap,gjMNk8v5Kp,1,jYQJnoVQGR,27,2022,,,2,,2022-08-28,Orlando City SC,New York City FC,2022-08-28 23:30,2022,0,Regular Season,ORL,ORL,Orlando City SC,Inter&Co Stadium,25500.0,3238723,44,East,28.5411,-81.3893,2015,match_venue,29.1,63.7,12.0,open_meteo,suspected_data_error,0.0
jYQJlGW5GR,YgOMngl5wN,False,,0.0,kRQand1MKZ,2vQ1BmNbMr,101,FullTime,2022-08-30 15:01:37 UTC,odMXGRrQYL,OlMlYvy5Lz,1,9vQ2mPaqK6,27,2022,,,2,,2022-08-27,Minnesota United FC,Houston Dynamo FC,2022-08-27 19:30,2022,0,Regular Season,MIN,MIN,Minnesota United FC,Allianz Field,19400.0,3712020,49,West,44.9528,-93.165,2017,match_venue,29.4,2.3,22.9,open_meteo,suspected_data_error,0.0
LeVq3j5WOJ,19vQ2095K6,False,,0.0,jYQJ8EW5GR,OlMlolr4QL,97,FullTime,2022-08-10 13:25:31 UTC,vzqoJrj5ap,gjMNk8v5Kp,3,4wM4voBqjB,24,2022,,,0,,2022-08-06,Orlando City SC,New England Revolution,2022-08-06 23:30,2022,0,Regular Season,ORL,ORL,Orlando City SC,Inter&Co Stadium,25500.0,3238723,44,East,28.5411,-81.3893,2015,match_venue,31.7,2.9,15.2,open_meteo,suspected_data_error,0.0
vzqozWB5ap,NWMWlBK5lz,False,,0.0,zeQZkL1MKw,gOMn9w6lQw,104,FullTime,2022-08-03 08:51:16 UTC,0x5gJZjM7O,gpMOYJ7qzy,4,2lqRokLQr0,23,2022,,,4,,2022-07-30,Inter Miami CF,FC Cincinnati,2022-07-31 00:00,2022,0,Regular Season,MIA,MIA,Inter Miami CF,Chase Stadium,18000.0,6183199,88,East,26.1931,-80.1611,2020,match_venue,31.1,0.3,23.1,open_meteo,suspected_data_error,0.0
gpMOYJ7qzy,zeQZkL1MKw,False,,0.0,jYQJ8EW5GR,NWMWPYEE5l,99,FullTime,2022-07-13 09:12:38 UTC,vzqoJrj5ap,gjMNk8v5Kp,0,7VqG6KX5vW,19,2022,,,1,,2022-07-09,Orlando City SC,Inter Miami CF,2022-07-10 02:24,2022,0,Regular Season,ORL,ORL,Orlando City SC,Inter&Co Stadium,25500.0,3238723,44,East,28.5411,-81.3893,2015,match_venue,31.7,25.7,17.6,open_meteo,suspected_data_error,0.0
gOMnDkAqwN,vzqoOgNqap,False,,0.0,NPqxKXZ59d,N6MmRyBx5E,99,FullTime,2022-07-13 08:50:07 UTC,KXMeOR2q64,7VqGErdMvW,1,odMX96a5YL,19,2022,,,4,,2022-07-09,Charlotte FC,Nashville SC,2022-07-09 23:00,2022,0,Regular Season,CLT,CLT,Charlotte FC,Bank of America Stadium,74867.0,2701487,55,East,35.2258,-80.853,2022,match_venue,33.7,10.4,15.4,open_meteo,suspected_data_error,0.0
LeVq3j5WOJ,19vQ2095K6,False,,0.0,Vj58weDM8n,KAqBDABBMb,100,FullTime,2022-07-12 06:10:05 UTC,eVq32yn5WO,gpMOPN75zy,2,kRQa9k8QKZ,19,2022,,,4,,2022-07-09,New York City FC,New England Revolution,2022-07-09 17:00,2022,0,Regular Season,NYC,NYC,New York City FC,Yankee Stadium,28743.0,19979477,82,East,40.8292,-73.9264,2015,match_venue,30.9,0.0,21.5,open_meteo,suspected_data_error,0.0
p6qbk3BQ0G,EKXMeX3Q64,False,,16.0,jYQJ8EW5GR,4JMA7Aw1qK,103,FullTime,2022-07-08 04:24:34 UTC,vzqoJrj5ap,gjMNk8v5Kp,5,vzqoWjkqap,18,2022,,,3,,2022-07-04,Orlando City SC,D.C. United,2022-07-04 23:00,2022,0,Regular Season,ORL,ORL,Orlando City SC,Inter&Co Stadium,25500.0,3238723,44,East,28.5411,-81.3893,2015,match_venue,31.7,6.2,18.6,open_meteo,suspected_data_error,0.0
4wM4vOAqjB,a2lqR4JMr0,False,,0.0,kRQand1MKZ,2vQ1BA9OMr,102,FullTime,2022-07-06 13:54:01 UTC,odMXGRrQYL,OlMlYvy5Lz,2,4wM4voBqjB,18,2022,,,3,,2022-07-03,Minnesota United FC,Real Salt Lake,2022-07-04 00:00,2022,0,Regular Season,MIN,MIN,Minnesota United FC,Allianz Field,19400.0,3712020,49,West,44.9528,-93.165,2017,match_venue,31.3,3.4,16.9,open_meteo,suspected_data_error,0.0
9z5kKNb5A3,a2lqRX2Mr0,False,,0.0,eVq3ya6MWO,gOMn97glQw,99,FullTime,2022-06-29 07:23:05 UTC,7vQ7xbOMD1,NWMWxKe5lz,0,odMX96a5YL,16,2022,,,2,,2022-06-26,Los Angeles FC,New York Red Bulls,2022-06-26 19:00,2022,0,Regular Season,LAFC,LAFC,Los Angeles FC,BMO Stadium,22000.0,13200998,78,West,34.013,-118.285,2018,match_venue,28.9,0.0,23.7,open_meteo,suspected_data_error,0.0
4wM4vOAqjB,a2lqR4JMr0,True,,0.0,WBLMvYAQxe,9vQ2W7a1MK,97,FullTime,2021-12-07 09:57:31 UTC,p6qbX06M0G,gpMOYv1qzy,0,0Oq6037M6D,38,2021,,,2,,2021-12-04,Portland Timbers FC,Real Salt Lake,2021-12-04 23:30,2021,1,Playoff,POR,POR,Portland Timbers FC,Providence Park,25218.0,2508050,58,West,45.5214,-122.6917,2011,match_venue,10.0,2.2,26.6,open_meteo,suspected_data_error,1.0
odMXxreMYL,jYQJ19EqGR,False,,0.0,lgpMOvnQzy,KXMeYW06M6,99,FullTime,2021-11-11 08:01:35 UTC,ljqEDnO5x0,Pk5LWONMOW,1,zeQZlGK5Kw,35,2021,,,1,,2021-11-07,Vancouver Whitecaps FC,Seattle Sounders FC,2021-11-07 23:00,2021,0,Regular Season,VAN,VAN,Vancouver Whitecaps FC,BC Place,22120.0,2906000,52,West,49.2767,-123.1119,2011,match_venue,6.1,10.0,23.3,open_meteo,suspected_data_error,1.0
2vQ1m6bQrA,mKAqBBmqbg,False,,0.0,0KPqjA456v,OlMlaRwy5L,99,FullTime,2021-11-11 07:49:35 UTC,Vj58W84M8n,2vQ10jwqrA,1,2lqRymD5r0,35,2021,,,1,,2021-11-07,San Jose Earthquakes,FC Dallas,2021-11-07 23:00,2021,0,Regular Season,SJ,SJ,San Jose Earthquakes,PayPal Park,18000.0,1999107,47,West,37.3514,-121.925,1996,match_venue,16.5,0.0,20.6,open_meteo,suspected_data_error,1.0
0Oq6vPrq6D,9z5k7Yg5A3,False,,0.0,Vj58weDM8n,7vQ7W28dQD,99,FullTime,2021-11-10 08:59:28 UTC,eVq32yn5WO,2lqRa4D5r0,1,wvq9vKlQWn,35,2021,,,1,,2021-11-07,New York City FC,Philadelphia Union,2021-11-07 20:30,2021,0,Regular Season,NYC,NYC,New York City FC,Yankee Stadium,28743.0,19979477,82,East,40.8292,-73.9264,2015,match_venue,12.2,0.0,10.6,open_meteo,suspected_data_error,1.0
gjMNk8v5Kp,jYQJ8EW5GR,False,,0.0,APk5LGOMOW,odMX9eWa5Y,97,FullTime,2021-11-10 11:02:13 UTC,NWMW8pj5lz,KPqjO38Q6v,2,gjMNk4v5Kp,35,2021,,,0,,2021-11-07,CF Montréal,Orlando City SC,2021-11-07 20:30,2021,0,Regular Season,MTL,MTL,CF Montréal,Stade Saputo,19619.0,4292000,46,East,45.5631,-73.5525,2012,match_venue,11.2,0.0,12.3,open_meteo,suspected_data_error,1.0
4wM4AAk5jB,YgOMngl5wN,False,,0.0,APk5LGOMOW,N6MmX90vQE,94,FullTime,2021-11-07 13:45:04 UTC,NWMW8pj5lz,KPqjO38Q6v,0,EGMPLlxMaY,35,2021,,,2,,2021-11-03,CF Montréal,Houston Dynamo FC,2021-11-03 23:30,2021,0,Regular Season,MTL,MTL,CF Montréal,Stade Saputo,19619.0,4292000,46,East,45.5631,-73.5525,2012,match_venue,7.4,0.2,17.0,open_meteo,suspected_data_error,1.0
N6MmpyLQEG,Z2vQ1xlqrA,False,,0.0,kRQand1MKZ,7VqGDnAAQv,97,FullTime,2021-11-03 12:05:02 UTC,odMXGRrQYL,OlMlYvy5Lz,1,2lqRymD5r0,34,2021,,,2,,2021-10-31,Minnesota United FC,Sporting Kansas City,2021-10-31 17:00,2021,0,Regular Season,MIN,MIN,Minnesota United FC,Allianz Field,19400.0,3712020,49,West,44.9528,-93.165,2017,match_venue,8.1,0.3,24.0,open_meteo,suspected_data_error,1.0
OlMlYvy5Lz,kRQand1MKZ,False,,0.0,lgpMOvnQzy,e7MzXdwOqr,96,FullTime,2021-10-30 07:09:04 UTC,ljqEDnO5x0,Pk5LWONMOW,1,7VqG6KX5vW,33,2021,,,2,,2021-10-27,Vancouver Whitecaps FC,Minnesota United FC,2021-10-28 02:00,2021,0,Regular Season,VAN,VAN,Vancouver Whitecaps FC,BC Place,22120.0,2906000,52,West,49.2767,-123.1119,2011,match_venue,11.4,1.0,20.3,open_meteo,suspected_data_error,1.0
gOMnBPJMwN,X0Oq66zq6D,False,,0.0,Vj58weDM8n,kRQa1Jy1QK,98,FullTime,2021-10-30 06:57:14 UTC,eVq32yn5WO,2lqRa4D5r0,0,zeQZlGK5Kw,33,2021,,,1,,2021-10-27,New York City FC,Chicago Fire FC,2021-10-27 23:30,2021,0,Regular Season,NYC,NYC,New York City FC,Yankee Stadium,28743.0,19979477,82,East,40.8292,-73.9264,2015,match_venue,15.9,7.1,32.6,open_meteo,suspected_data_error,1.0
e7MzE8XQr0,EKXMeX3Q64,False,,0.0,Vj58weDM8n,gjMN3LzY5K,94,FullTime,2021-10-27 06:47:44 UTC,eVq32yn5WO,2lqRa4D5r0,0,odMX96a5YL,32,2021,,,6,,2021-10-23,New York City FC,D.C. United,2021-10-23 23:30,2021,0,Regular Season,NYC,NYC,New York City FC,Yankee Stadium,28743.0,19979477,82,East,40.8292,-73.9264,2015,match_venue,16.1,0.1,15.1,open_meteo,suspected_data_error,1.0
0Oq6vPrq6D,9z5k7Yg5A3,False,,0.0,kRQand1MKZ,gpMOBNJOQz,96,FullTime,2021-10-23 11:55:34 UTC,odMXGRrQYL,OlMlYvy5Lz,2,vzqoWjkqap,31,2021,,,3,,2021-10-20,Minnesota United FC,Philadelphia Union,2021-10-21 00:00,2021,0,Regular Season,MIN,MIN,Minnesota United FC,Allianz Field,19400.0,3712020,49,West,44.9528,-93.165,2017,match_venue,16.2,23.1,22.9,open_meteo,suspected_data_error,1.0
0Oq6vPrq6D,9z5k7Yg5A3,False,,0.0,APk5LGOMOW,Oa5wXr4Bq1,97,FullTime,2021-10-19 07:30:36 UTC,NWMW8pj5lz,KPqjO38Q6v,2,aDQ0mkPMEv,30,2021,,,2,,2021-10-16,CF Montréal,Philadelphia Union,2021-10-16 17:00,2021,0,Regular Season,MTL,MTL,CF Montréal,Stade Saputo,19619.0,4292000,46,East,45.5631,-73.5525,2012,match_venue,20.5,36.8,28.6,open_meteo,suspected_data_error,1.0
0Oq6VPgq6D,pzeQZ6xQKw,False,,0.0,kRQand1MKZ,KPqjAnmE56,100,FullTime,2021-10-13 10:33:52 UTC,odMXGRrQYL,OlMlYvy5Lz,3,4JMAYlPMKg,17,2021,,,1,,2021-10-10,Minnesota United FC,Colorado Rapids,2021-10-10 20:00,2021,0,Regular Season,MIN,MIN,Minnesota United FC,Allianz Field,19400.0,3712020,49,West,44.9528,-93.165,2017,match_venue,21.5,17.0,23.4,open_meteo,suspected_data_error,1.0
9Yqd8woqvJ,X0Oq66zq6D,False,,0.0,kRQabn8MKZ,KAqBPWl7Mb,97,FullTime,2021-10-06 18:14:31 UTC,2lqRRVnqr0,7VqGPRYQvW,1,7VqG6KX5vW,29,2021,,,3,,2021-10-03,Toronto FC,Chicago Fire FC,2021-10-03 20:00,2021,0,Regular Season,TOR,TOR,Toronto FC,BMO Field,30991.0,6712000,69,East,43.6328,-79.4186,2007,match_venue,20.6,13.6,18.0,open_meteo,suspected_data_error,1.0
gOMnDkAqwN,vzqoOgNqap,False,,0.0,Vj58weDM8n,jYQJl9jE5G,99,FullTime,2021-10-06 09:07:50 UTC,NWMW84L5lz,2lqRa4D5r0,0,0Oq6vG2q6D,29,2021,,,0,,2021-10-03,New York City FC,Nashville SC,2021-10-03 16:00,2021,0,Regular Season,NYC,NYC,New York City FC,Red Bull Arena,25000.0,19979477,82,East,40.7367,-74.1503,2015,match_venue,26.4,0.0,12.1,open_meteo,suspected_data_error,1.0
2vQ10jwqrA,0KPqjA456v,False,,0.0,lgpMOvnQzy,p6qbrwVaq0,97,FullTime,2021-10-06 07:47:10 UTC,ljqEDnO5x0,Pk5LWONMOW,0,aDQ0mkPMEv,29,2021,,,3,,2021-10-02,Vancouver Whitecaps FC,San Jose Earthquakes,2021-10-03 02:00,2021,0,Regular Season,VAN,VAN,Vancouver Whitecaps FC,BC Place,22120.0,2906000,52,West,49.2767,-123.1119,2011,match_venue,14.4,0.1,15.1,open_meteo,suspected_data_error,1.0
7vQ7m6Y5D1,KAqBN0Vqbg,False,,0.0,APk5LGOMOW,ljqEy6eYqx,102,FullTime,2021-10-06 07:12:50 UTC,NWMW8pj5lz,KPqjO38Q6v,1,zeQZlGK5Kw,29,2021,,,2,,2021-10-02,CF Montréal,Atlanta United FC,2021-10-02 23:00,2021,0,Regular Season,MTL,MTL,CF Montréal,Stade Saputo,19619.0,4292000,46,East,45.5631,-73.5525,2012,match_venue,13.1,14.9,14.5,open_meteo,suspected_data_error,1.0
4wM4vOAqjB,a2lqR4JMr0,False,,0.0,gpMOLwl5zy,e7MzXdKPqr,98,FullTime,2021-10-05 07:55:44 UTC,jYQJZDDQGR,0Oq6mNP56D,1,9vQ2mPaqK6,29,2021,,,2,,2021-10-02,Austin FC,Real Salt Lake,2021-10-02 19:30,2021,0,Regular Season,ATX,ATX,Austin FC,Q2 Stadium,20500.0,2352426,61,West,30.3882,-97.7198,2021,match_venue,27.9,1.3,10.8,open_meteo,suspected_data_error,1.0
LeVq3j5WOJ,19vQ2095K6,False,,0.0,APk5LGOMOW,4JMAVBrP5K,96,FullTime,2021-10-03 14:58:55 UTC,NWMW8pj5lz,KPqjO38Q6v,4,e7MzPKXqr0,28,2021,,,1,,2021-09-29,CF Montréal,New England Revolution,2021-09-29 23:30,2021,0,Regular Season,MTL,MTL,CF Montréal,Stade Saputo,19619.0,4292000,46,East,45.5631,-73.5525,2012,match_venue,12.3,2.5,6.7,open_meteo,suspected_data_error,1.0
Xj5Yx60Mbd,kaDQ0wRqEv,False,,0.0,gpMOLwl5zy,7vQ7W2A8QD,95,FullTime,2021-09-30 12:06:03 UTC,jYQJZDDQGR,0Oq6mNP56D,0,wvq9vKlQWn,27,2021,,,2,,2021-09-26,Austin FC,LA Galaxy,2021-09-27 01:30,2021,0,Regular Season,ATX,ATX,Austin FC,Q2 Stadium,20500.0,2352426,61,West,30.3882,-97.7198,2021,match_venue,30.0,0.0,12.2,open_meteo,suspected_data_error,1.0
2vQ1m6bQrA,mKAqBBmqbg,False,,0.0,lgpMOvnQzy,Pk5LJVPPQO,101,FullTime,2021-10-01 07:54:48 UTC,ljqEDnO5x0,Pk5LWONMOW,0,315VrXb59x,27,2021,,,1,,2021-09-25,Vancouver Whitecaps FC,FC Dallas,2021-09-26 02:00,2021,0,Regular Season,VAN,VAN,Vancouver Whitecaps FC,BC Place,22120.0,2906000,52,West,49.2767,-123.1119,2011,match_venue,19.8,0.0,16.9,open_meteo,suspected_data_error,1.0
9z5kKNb5A3,a2lqRX2Mr0,False,,0.0,Vj58weDM8n,2lqRGD1DQr,95,FullTime,2021-09-29 04:37:43 UTC,eVq32yn5WO,2lqRa4D5r0,1,gjMNk4v5Kp,27,2021,,,0,,2021-09-25,New York City FC,New York Red Bulls,2021-09-26 00:00,2021,0,Regular Season,NYC,NYC,New York City FC,Yankee Stadium,28743.0,19979477,82,East,40.8292,-73.9264,2015,match_venue,23.1,0.0,8.7,open_meteo,suspected_data_error,1.0
7vQ7m6Y5D1,KAqBN0Vqbg,False,,0.0,9z5k7Yg5A3,raMyY8DJMd,97,FullTime,2021-09-28 13:53:33 UTC,NWMW8ZN5lz,0Oq6vPrq6D,0,KAqB3m7Qbg,27,2021,,,1,,2021-09-25,Philadelphia Union,Atlanta United FC,2021-09-25 19:30,2021,0,Regular Season,PHI,PHI,Philadelphia Union,Subaru Park,18500.0,6245051,46,East,39.8322,-75.3789,2010,match_venue,24.2,0.0,8.9,open_meteo,suspected_data_error,1.0
9Yqd8woqvJ,X0Oq66zq6D,False,,0.0,APk5LGOMOW,0Oq6BXa7q6,95,FullTime,2021-09-23 16:02:36 UTC,NWMW8pj5lz,KPqjO38Q6v,0,0Oq6vG2q6D,26,2021,,,2,,2021-09-19,CF Montréal,Chicago Fire FC,2021-09-19 17:00,2021,0,Regular Season,MTL,MTL,CF Montréal,Stade Saputo,19619.0,4292000,46,East,45.5631,-73.5525,2012,match_venue,19.1,0.0,11.5,open_meteo,suspected_data_error,1.0
eV5DNVJQKn,mKAqBBmqbg,False,,0.0,Vj58weDM8n,odMX9eXG5Y,98,FullTime,2021-09-18 05:58:18 UTC,NWMW84L5lz,2lqRa4D5r0,3,odMX96a5YL,25,2021,,,3,,2021-09-14,New York City FC,FC Dallas,2021-09-14 23:30,2021,0,Regular Season,NYC,NYC,New York City FC,Red Bull Arena,25000.0,19979477,82,East,40.7367,-74.1503,2015,match_venue,26.0,0.1,17.1,open_meteo,suspected_data_error,1.0
gOMnDkAqwN,vzqoOgNqap,False,,0.0,APk5LGOMOW,KXMeYWJ3M6,96,FullTime,2021-09-13 11:44:27 UTC,NWMW8pj5lz,KPqjO38Q6v,1,zeQZl7D5Kw,24,2021,,,0,,2021-09-11,CF Montréal,Nashville SC,2021-09-12 00:00,2021,0,Regular Season,MTL,MTL,CF Montréal,Stade Saputo,19619.0,4292000,46,East,45.5631,-73.5525,2012,match_venue,22.7,0.1,21.4,open_meteo,suspected_data_error,1.0
gpMOYv1qzy,WBLMvYAQxe,False,,0.0,lgpMOvnQzy,EGMPWy33Qa,99,FullTime,2021-09-14 07:54:16 UTC,ljqEDnO5x0,Pk5LWONMOW,1,0Oq6vG2q6D,24,2021,,,0,,2021-09-10,Vancouver Whitecaps FC,Portland Timbers FC,2021-09-11 02:00,2021,0,Regular Season,VAN,VAN,Vancouver Whitecaps FC,BC Place,22120.0,2906000,52,West,49.2767,-123.1119,2011,match_venue,19.8,0.9,18.0,open_meteo,suspected_data_error,1.0
LeVq3j5WOJ,19vQ2095K6,False,,0.0,Vj58weDM8n,vzqo2VaB5a,99,FullTime,2021-09-02 20:54:51 UTC,eVq32yn5WO,2lqRa4D5r0,0,315VrXb59x,22,2021,,,2,,2021-08-28,New York City FC,New England Revolution,2021-08-28 23:30,2021,0,Regular Season,NYC,NYC,New York City FC,Yankee Stadium,28743.0,19979477,82,East,40.8292,-73.9264,2015,match_venue,26.4,5.1,25.4,open_meteo,suspected_data_error,1.0
7VqGPRYQvW,kRQabn8MKZ,False,,0.0,APk5LGOMOW,gpMOBNw7Qz,97,FullTime,2021-08-30 14:04:40 UTC,NWMW8pj5lz,KPqjO38Q6v,1,Pk5LRpDQOW,22,2021,,,3,,2021-08-27,CF Montréal,Toronto FC,2021-08-27 23:30,2021,0,Regular Season,MTL,MTL,CF Montréal,Stade Saputo,19619.0,4292000,46,East,45.5631,-73.5525,2012,match_venue,24.3,0.0,17.2,open_meteo,suspected_data_error,1.0
N6MmpyLQEG,Z2vQ1xlqrA,False,,0.0,kRQand1MKZ,XVqK8kZ2Q0,102,FullTime,2021-08-24 12:38:43 UTC,odMXGRrQYL,OlMlYvy5Lz,0,0Oq6vG2q6D,21,2021,,,0,,2021-08-21,Minnesota United FC,Sporting Kansas City,2021-08-21 19:30,2021,0,Regular Season,MIN,MIN,Minnesota United FC,Allianz Field,19400.0,3712020,49,West,44.9528,-93.165,2017,match_venue,22.5,9.0,21.1,open_meteo,suspected_data_error,1.0
LeVq3j5WOJ,19vQ2095K6,False,,0.0,kRQabn8MKZ,7vQ7W2kDQD,100,FullTime,2021-08-18 08:07:25 UTC,2lqRRVnqr0,7VqGPRYQvW,2,ljqExYw5x0,19,2021,,,1,,2021-08-14,Toronto FC,New England Revolution,2021-08-15 00:00,2021,0,Regular Season,TOR,TOR,Toronto FC,BMO Field,30991.0,6712000,69,East,43.6328,-79.4186,2007,match_venue,25.8,0.0,20.8,open_meteo,suspected_data_error,1.0
gpMOYJ7qzy,zeQZkL1MKw,False,,0.0,Vj58weDM8n,9z5kKoXK5A,100,FullTime,2021-08-17 07:57:33 UTC,NWMW84L5lz,2lqRa4D5r0,0,KPqjDeNM6v,19,2021,,,2,,2021-08-14,New York City FC,Inter Miami CF,2021-08-15 00:00,2021,0,Regular Season,NYC,NYC,New York City FC,Red Bull Arena,25000.0,19979477,82,East,40.7367,-74.1503,2015,match_venue,32.3,1.9,15.9,open_meteo,suspected_data_error,1.0
9z5kKNb5A3,a2lqRX2Mr0,False,,0.0,APk5LGOMOW,eV5DNGeJQK,109,FullTime,2021-08-18 08:04:25 UTC,NWMW8pj5lz,KPqjO38Q6v,1,vzqoWjkqap,19,2021,,,2,,2021-08-14,CF Montréal,New York Red Bulls,2021-08-15 00:00,2021,0,Regular Season,MTL,MTL,CF Montréal,Stade Saputo,19619.0,4292000,46,East,45.5631,-73.5525,2012,match_venue,26.2,0.4,24.2,open_meteo,suspected_data_error,1.0
0Oq6e7A56D,KAqBN0Vqbg,False,,0.0,APk5LGOMOW,e7MzXdW7qr,101,FullTime,2021-08-07 05:53:06 UTC,NWMW8pj5lz,KPqjO38Q6v,2,gOMnB7AMwN,17,2021,,,2,,2021-08-04,CF Montréal,Atlanta United FC,2021-08-04 23:30,2021,0,Regular Season,MTL,MTL,CF Montréal,Stade Saputo,19619.0,4292000,46,East,45.5631,-73.5525,2012,match_venue,26.7,0.0,12.0,open_meteo,suspected_data_error,1.0
gOMnDkAqwN,vzqoOgNqap,False,,0.0,kRQabn8MKZ,odMX9emo5Y,96,FullTime,2021-08-04 09:32:18 UTC,2lqRRVnqr0,7VqGPRYQvW,1,zeQZlGK5Kw,16,2021,,,1,,2021-08-01,Toronto FC,Nashville SC,2021-08-01 23:30,2021,0,Regular Season,TOR,TOR,Toronto FC,BMO Field,30991.0,6712000,69,East,43.6328,-79.4186,2007,match_venue,22.8,6.6,16.3,open_meteo,suspected_data_error,1.0
OlMlYvy5Lz,kRQand1MKZ,False,,0.0,lgpMOvnQzy,Vj58gxKrM8,98,FullTime,2021-08-04 07:23:13 UTC,e7MzlRjqr0,0Oq6mxd56D,2,2lqRG1WQr0,16,2021,,,2,,2021-07-31,Vancouver Whitecaps FC,Minnesota United FC,2021-08-01 02:00,2021,0,Regular Season,VAN,VAN,Vancouver Whitecaps FC,America First Field,20213.0,2906000,52,West,40.5829,-111.8932,2011,match_venue,32.4,0.6,17.8,open_meteo,suspected_data_error,1.0
NPqxkDY59d,mvzqoLZQap,False,,0.0,Vj58weDM8n,raMyY8gNMd,102,FullTime,2021-08-02 12:53:05 UTC,eVq32yn5WO,2lqRa4D5r0,1,0Oq6037M6D,16,2021,,,4,,2021-07-30,New York City FC,Columbus Crew,2021-07-30 23:30,2021,0,Regular Season,NYC,NYC,New York City FC,Yankee Stadium,28743.0,19979477,82,East,40.8292,-73.9264,2015,match_venue,27.9,0.0,24.4,open_meteo,suspected_data_error,1.0
9z5kKNb5A3,a2lqRX2Mr0,False,,0.0,kRQabn8MKZ,gpMOBNm1Qz,102,FullTime,2021-07-24 13:28:12 UTC,2lqRRVnqr0,7VqGPRYQvW,1,zeQZl7D5Kw,14,2021,,,1,,2021-07-21,Toronto FC,New York Red Bulls,2021-07-21 23:30,2021,0,Regular Season,TOR,TOR,Toronto FC,BMO Field,30991.0,6712000,69,East,43.6328,-79.4186,2007,match_venue,25.2,0.0,20.3,open_meteo,suspected_data_error,1.0
4wM4AAk5jB,YgOMngl5wN,False,,0.0,lgpMOvnQzy,gOMnXkmJqw,97,FullTime,2021-07-24 13:17:52 UTC,e7MzlRjqr0,0Oq6mxd56D,0,wvq9vKlQWn,14,2021,,,0,,2021-07-20,Vancouver Whitecaps FC,Houston Dynamo FC,2021-07-21 02:00,2021,0,Regular Season,VAN,VAN,Vancouver Whitecaps FC,America First Field,20213.0,2906000,52,West,40.5829,-111.8932,2011,match_venue,32.1,0.0,14.5,open_meteo,suspected_data_error,1.0
Xj5Yx60Mbd,kaDQ0wRqEv,False,,0.0,lgpMOvnQzy,ljqEy64Oqx,97,FullTime,2021-07-20 18:04:51 UTC,e7MzlRjqr0,0Oq6mxd56D,1,a35rgjLqL6,13,2021,,,2,,2021-07-17,Vancouver Whitecaps FC,LA Galaxy,2021-07-18 02:00,2021,0,Regular Season,VAN,VAN,Vancouver Whitecaps FC,America First Field,20213.0,2906000,52,West,40.5829,-111.8932,2011,match_venue,35.9,0.0,16.3,open_meteo,suspected_data_error,1.0
eV5DWdEMKn,NWMWlBK5lz,False,,0.0,APk5LGOMOW,e7MzXdLKqr,103,FullTime,2021-07-21 20:49:24 UTC,NWMW8pj5lz,KPqjO38Q6v,4,zeQZl7D5Kw,13,2021,,,5,,2021-07-17,CF Montréal,FC Cincinnati,2021-07-17 23:30,2021,0,Regular Season,MTL,MTL,CF Montréal,Stade Saputo,19619.0,4292000,46,East,45.5631,-73.5525,2012,match_venue,25.2,0.0,8.4,open_meteo,suspected_data_error,1.0
OlMlYvy5Lz,kRQand1MKZ,False,,0.0,pzeQZ6xQKw,a35rXNOGQL,102,FullTime,2021-07-16 22:38:36 UTC,9z5ka6gQA3,0Oq6VPgq6D,0,EGMPLlxMaY,12,2021,,,2,,2021-07-07,Colorado Rapids,Minnesota United FC,2021-07-08 01:00,2021,0,Regular Season,COL,COL,Colorado Rapids,Dick's Sporting Goods Park,18081.0,2963821,40,West,39.8056,-104.8919,1996,match_venue,31.5,0.0,29.8,open_meteo,suspected_data_error,1.0
2lqRa4D5r0,Vj58weDM8n,False,,0.0,APk5LGOMOW,9vQ28lLr5K,102,FullTime,2021-07-16 22:47:16 UTC,vzqoJrj5ap,KPqjO38Q6v,1,0Oq6vG2q6D,12,2021,,,2,,2021-07-07,CF Montréal,New York City FC,2021-07-07 23:30,2021,0,Regular Season,MTL,MTL,CF Montréal,Inter&Co Stadium,25500.0,4292000,46,East,28.5411,-81.3893,2012,match_venue,29.1,27.3,28.9,open_meteo,suspected_data_error,1.0
7VqGPRYQvW,kRQabn8MKZ,False,,0.0,19vQ2095K6,KXMeYWjBM6,100,FullTime,2021-07-09 11:49:58 UTC,wvq9p775Wn,LeVq3j5WOJ,3,9vQ2mPaqK6,12,2021,,,2,,2021-07-07,New England Revolution,Toronto FC,2021-07-07 23:00,2021,0,Regular Season,NE,NE,New England Revolution,Gillette Stadium,65878.0,4941632,53,East,42.091,-71.264,1996,match_venue,31.4,0.1,15.8,open_meteo,suspected_data_error,1.0
gpMOYJ7qzy,zeQZkL1MKw,False,,0.0,APk5LGOMOW,EGMPWyoAQa,98,FullTime,2021-07-06 06:05:10 UTC,NWMW84L5lz,KPqjO38Q6v,0,9vQ2mPaqK6,11,2021,,,1,,2021-07-03,CF Montréal,Inter Miami CF,2021-07-03 23:30,2021,0,Regular Season,MTL,MTL,CF Montréal,Red Bull Arena,25000.0,4292000,46,East,40.7367,-74.1503,2012,match_venue,19.6,15.1,24.7,open_meteo,suspected_data_error,1.0
OlMlYvy5Lz,kRQand1MKZ,False,,0.0,WBLMvYAQxe,ljqEy66Oqx,105,FullTime,2021-06-29 12:34:18 UTC,p6qbX06M0G,gpMOYv1qzy,1,9vQ2mPaqK6,10,2021,,,0,,2021-06-26,Portland Timbers FC,Minnesota United FC,2021-06-27 03:30,2021,0,Regular Season,POR,POR,Portland Timbers FC,Providence Park,25218.0,2508050,58,West,45.5214,-122.6917,2011,match_venue,40.9,0.0,17.7,open_meteo,suspected_data_error,1.0
eV5DWdEMKn,NWMWlBK5lz,False,,0.0,kRQabn8MKZ,Xj5YkXXGQb,95,FullTime,2021-06-29 05:31:54 UTC,vzqoJrj5ap,vzqo2dv5ap,2,ljqExYw5x0,10,2021,,,0,,2021-06-26,Toronto FC,FC Cincinnati,2021-06-26 23:00,2021,0,Regular Season,TOR,TOR,Toronto FC,Inter&Co Stadium,25500.0,6712000,69,East,28.5411,-81.3893,2007,match_venue,28.1,17.2,15.3,open_meteo,suspected_data_error,1.0
Xj5Yx60Mbd,kaDQ0wRqEv,False,,0.0,lgpMOvnQzy,zeQZV22DQK,100,FullTime,2021-06-25 12:42:30 UTC,e7MzlRjqr0,0Oq6mxd56D,2,2lqRokLQr0,9,2021,,,1,,2021-06-23,Vancouver Whitecaps FC,LA Galaxy,2021-06-24 02:30,2021,0,Regular Season,VAN,VAN,Vancouver Whitecaps FC,America First Field,20213.0,2906000,52,West,40.5829,-111.8932,2011,match_venue,31.9,0.0,22.5,open_meteo,suspected_data_error,1.0
e7MzE8XQr0,EKXMeX3Q64,False,,0.0,APk5LGOMOW,BLMvXYY3qx,100,FullTime,2021-06-26 11:30:38 UTC,0x5gJZjM7O,KPqjO38Q6v,0,Pk5LRpDQOW,9,2021,,,0,,2021-06-23,CF Montréal,D.C. United,2021-06-24 00:00,2021,0,Regular Season,MTL,MTL,CF Montréal,Chase Stadium,18000.0,4292000,46,East,26.1931,-80.1611,2012,match_venue,30.0,4.5,13.6,open_meteo,suspected_data_error,1.0
9z5kKNb5A3,a2lqRX2Mr0,False,,0.0,19vQ2095K6,KXMeYWWBM6,97,FullTime,2021-06-26 11:57:39 UTC,wvq9p775Wn,LeVq3j5WOJ,2,KAqB3m7Qbg,9,2021,,,3,,2021-06-23,New England Revolution,New York Red Bulls,2021-06-23 23:00,2021,0,Regular Season,NE,NE,New England Revolution,Gillette Stadium,65878.0,4941632,53,East,42.091,-71.264,1996,match_venue,22.8,0.2,16.6,open_meteo,suspected_data_error,1.0
N6MmpyLQEG,Z2vQ1xlqrA,False,,0.0,WBLMvYAQxe,7vQ7W22zQD,100,FullTime,2021-06-22 05:35:06 UTC,p6qbX06M0G,gpMOYv1qzy,1,0Oq6037M6D,8,2021,,,2,,2021-06-19,Portland Timbers FC,Sporting Kansas City,2021-06-20 02:30,2021,0,Regular Season,POR,POR,Portland Timbers FC,Providence Park,25218.0,2508050,58,West,45.5214,-122.6917,2011,match_venue,26.4,0.0,16.6,open_meteo,suspected_data_error,1.0
2vQ10jwqrA,0KPqjA456v,False,,0.0,gpMOLwl5zy,N6MmX2y0QE,98,FullTime,2021-06-21 00:55:05 UTC,jYQJZDDQGR,0Oq6mNP56D,0,e7MzPKXqr0,8,2021,,,0,,2021-06-19,Austin FC,San Jose Earthquakes,2021-06-20 01:00,2021,0,Regular Season,ATX,ATX,Austin FC,Q2 Stadium,20500.0,2352426,61,West,30.3882,-97.7198,2021,match_venue,33.8,0.0,18.3,open_meteo,suspected_data_error,1.0
gjMNk8v5Kp,jYQJ8EW5GR,False,,0.0,kRQabn8MKZ,a35rXNNGQL,102,FullTime,2021-06-22 06:03:56 UTC,vzqoJrj5ap,vzqo2dv5ap,3,gjMNk4v5Kp,8,2021,,,2,,2021-06-19,Toronto FC,Orlando City SC,2021-06-19 23:30,2021,0,Regular Season,TOR,TOR,Toronto FC,Inter&Co Stadium,25500.0,6712000,69,East,28.5411,-81.3893,2007,match_venue,33.3,0.0,15.5,open_meteo,suspected_data_error,1.0
eV5DNVJQKn,mKAqBBmqbg,False,,0.0,pzeQZ6xQKw,Oa5wXrrYq1,99,FullTime,2021-06-01 11:56:15 UTC,9z5ka6gQA3,0Oq6VPgq6D,0,wvq9vKlQWn,7,2021,,,3,,2021-05-29,Colorado Rapids,FC Dallas,2021-05-30 01:00,2021,0,Regular Season,COL,COL,Colorado Rapids,Dick's Sporting Goods Park,18081.0,2963821,40,West,39.8056,-104.8919,1996,match_venue,22.4,3.0,19.5,open_meteo,suspected_data_error,1.0
gjMNk8v5Kp,jYQJ8EW5GR,False,,0.0,a2lqRX2Mr0,0x5gXGGLq7,100,FullTime,2021-05-31 00:05:15 UTC,NWMW84L5lz,9z5kKNb5A3,1,e7MzPKXqr0,7,2021,,,2,,2021-05-29,New York Red Bulls,Orlando City SC,2021-05-29 17:00,2021,0,Regular Season,NY,NY,New York Red Bulls,Red Bull Arena,25000.0,19979477,67,East,40.7367,-74.1503,1996,match_venue,11.1,26.2,30.4,open_meteo,suspected_data_error,1.0
N6MmpyLQEG,Z2vQ1xlqrA,False,,0.0,0KPqjA456v,KAqBPW1WMb,97,FullTime,2021-05-24 14:14:27 UTC,Vj58W84M8n,2vQ10jwqrA,3,vzqoWjkqap,6,2021,,,1,,2021-05-22,San Jose Earthquakes,Sporting Kansas City,2021-05-23 02:00,2021,0,Regular Season,SJ,SJ,San Jose Earthquakes,PayPal Park,18000.0,1999107,47,West,37.3514,-121.925,1996,match_venue,23.8,0.0,23.8,open_meteo,suspected_data_error,1.0
9z5kKNb5A3,a2lqRX2Mr0,False,,0.0,19vQ2095K6,eVq3J8GG5W,98,FullTime,2021-05-23 18:42:32 UTC,wvq9p775Wn,LeVq3j5WOJ,1,9z5kJ7gMA3,6,2021,,,3,,2021-05-22,New England Revolution,New York Red Bulls,2021-05-23 00:00,2021,0,Regular Season,NE,NE,New England Revolution,Gillette Stadium,65878.0,4941632,53,East,42.091,-71.264,1996,match_venue,27.0,0.0,14.8,open_meteo,suspected_data_error,1.0
Xj5Yx60Mbd,kaDQ0wRqEv,False,,0.0,WBLMvYAQxe,Xj5YkXvlQb,99,FullTime,2021-05-23 19:34:08 UTC,p6qbX06M0G,gpMOYv1qzy,0,0Oq6037M6D,6,2021,,,3,,2021-05-22,Portland Timbers FC,LA Galaxy,2021-05-22 19:30,2021,0,Regular Season,POR,POR,Portland Timbers FC,Providence Park,25218.0,2508050,58,West,45.5214,-122.6917,2011,match_venue,19.8,0.1,12.8,open_meteo,suspected_data_error,1.0
eV5DWdEMKn,NWMWlBK5lz,False,,0.0,APk5LGOMOW,0x5gXGvmq7,99,FullTime,2021-05-22 21:55:02 UTC,0x5gJZjM7O,KPqjO38Q6v,2,zeQZlGK5Kw,6,2021,,,1,,2021-05-22,CF Montréal,FC Cincinnati,2021-05-22 17:00,2021,0,Regular Season,MTL,MTL,CF Montréal,Chase Stadium,18000.0,4292000,46,East,26.1931,-80.1611,2012,match_venue,27.5,1.4,27.9,open_meteo,suspected_data_error,1.0
NPqxkDY59d,mvzqoLZQap,False,,0.0,19vQ2095K6,p6qbrwEpq0,99,FullTime,2021-05-17 23:23:46 UTC,wvq9p775Wn,LeVq3j5WOJ,0,KAqB3m7Qbg,5,2021,,,1,,2021-05-16,New England Revolution,Columbus Crew,2021-05-16 22:00,2021,0,Regular Season,NE,NE,New England Revolution,Gillette Stadium,65878.0,4941632,53,East,42.091,-71.264,1996,match_venue,23.6,0.9,21.2,open_meteo,suspected_data_error,1.0
0Oq6mxd56D,lgpMOvnQzy,False,,0.0,Z2vQ1xlqrA,N6MmX9vgQE,96,FullTime,2021-05-17 10:40:19 UTC,NPqxy6XQ9d,N6MmpyLQEG,0,0Oq6037M6D,5,2021,,,3,,2021-05-16,Sporting Kansas City,Vancouver Whitecaps FC,2021-05-16 18:00,2021,0,Regular Season,SKC,SKC,Sporting Kansas City,Children's Mercy Park,18467.0,2238279,51,West,39.1214,-94.821,1996,match_venue,22.5,25.1,18.5,open_meteo,suspected_data_error,1.0
gpMOYv1qzy,WBLMvYAQxe,False,,0.0,0KPqjA456v,kRQa1JvYQK,99,FullTime,2021-05-16 12:32:56 UTC,Vj58W84M8n,2vQ10jwqrA,2,kRQa9k8QKZ,5,2021,,,0,,2021-05-15,San Jose Earthquakes,Portland Timbers FC,2021-05-16 02:00,2021,0,Regular Season,SJ,SJ,San Jose Earthquakes,PayPal Park,18000.0,1999107,47,West,37.3514,-121.925,1996,match_venue,23.9,1.3,17.9,open_meteo,suspected_data_error,1.0
e7MzXZPqr0,YgOMngl5wN,False,,0.0,pzeQZ6xQKw,xW5pXPvK5g,97,FullTime,2021-05-17 15:01:34 UTC,9z5ka6gQA3,0Oq6VPgq6D,1,2lqRymD5r0,5,2021,,,3,,2021-05-15,Colorado Rapids,Houston Dynamo FC,2021-05-16 01:00,2021,0,Regular Season,COL,COL,Colorado Rapids,Dick's Sporting Goods Park,18081.0,2963821,40,West,39.8056,-104.8919,1996,match_venue,20.2,1.5,16.5,open_meteo,suspected_data_error,1.0
vzqo2dv5ap,kRQabn8MKZ,False,,0.0,Vj58weDM8n,zeQZV2vgQK,98,FullTime,2021-05-17 13:59:25 UTC,eVq32yn5WO,2lqRa4D5r0,1,gOMnB7AMwN,5,2021,,,1,,2021-05-15,New York City FC,Toronto FC,2021-05-15 17:00,2021,0,Regular Season,NYC,NYC,New York City FC,Yankee Stadium,28743.0,19979477,82,East,40.8292,-73.9264,2015,match_venue,23.0,0.0,10.2,open_meteo,suspected_data_error,1.0
NPqxkDY59d,mvzqoLZQap,False,,0.0,kRQabn8MKZ,9vQ28lg75K,95,FullTime,2021-05-14 10:43:45 UTC,vzqoJrj5ap,vzqo2dv5ap,0,zeQZlGK5Kw,5,2021,,,2,,2021-05-12,Toronto FC,Columbus Crew,2021-05-12 23:00,2021,0,Regular Season,TOR,TOR,Toronto FC,Inter&Co Stadium,25500.0,6712000,69,East,28.5411,-81.3893,2007,match_venue,33.5,1.6,17.4,open_meteo,suspected_data_error,1.0
0Oq6mNP56D,gpMOLwl5zy,False,,0.0,Z2vQ1xlqrA,OlMlaRvP5L,100,FullTime,2021-05-11 15:28:10 UTC,NPqxy6XQ9d,N6MmpyLQEG,1,EGMPLlxMaY,4,2021,,,2,,2021-05-09,Sporting Kansas City,Austin FC,2021-05-09 23:30,2021,0,Regular Season,SKC,SKC,Sporting Kansas City,Children's Mercy Park,18467.0,2238279,51,West,39.1214,-94.821,1996,match_venue,14.3,22.7,22.6,open_meteo,suspected_data_error,1.0
odMXxreMYL,jYQJ19EqGR,False,,0.0,WBLMvYAQxe,a35rXNweQL,100,FullTime,2021-05-12 15:04:28 UTC,p6qbX06M0G,gpMOYv1qzy,2,jYQJnoVQGR,4,2021,,,1,,2021-05-09,Portland Timbers FC,Seattle Sounders FC,2021-05-09 19:00,2021,0,Regular Season,POR,POR,Portland Timbers FC,Providence Park,25218.0,2508050,58,West,45.5214,-122.6917,2011,match_venue,17.4,0.4,11.5,open_meteo,suspected_data_error,1.0
OlMlYvy5Lz,kRQand1MKZ,False,,0.0,pzeQZ6xQKw,EGMPWyzkQa,99,FullTime,2021-05-11 02:37:19 UTC,9z5ka6gQA3,0Oq6VPgq6D,2,kRQa9k8QKZ,4,2021,,,3,,2021-05-08,Colorado Rapids,Minnesota United FC,2021-05-09 02:00,2021,0,Regular Season,COL,COL,Colorado Rapids,Dick's Sporting Goods Park,18081.0,2963821,40,West,39.8056,-104.8919,1996,match_venue,22.6,1.8,30.9,open_meteo,suspected_data_error,1.0
KPqjO38Q6v,APk5LGOMOW,False,,0.0,lgpMOvnQzy,raMyY8OeMd,98,FullTime,2021-05-10 08:51:07 UTC,e7MzlRjqr0,0Oq6mxd56D,0,9vQ2mPaqK6,4,2021,,,2,,2021-05-08,Vancouver Whitecaps FC,CF Montréal,2021-05-08 19:00,2021,0,Regular Season,VAN,VAN,Vancouver Whitecaps FC,America First Field,20213.0,2906000,52,West,40.5829,-111.8932,2011,match_venue,13.8,0.0,20.1,open_meteo,suspected_data_error,1.0
vzqo2dv5ap,kRQabn8MKZ,False,,0.0,a2lqRX2Mr0,7vQ7W2oeQD,96,FullTime,2021-05-11 03:37:42 UTC,NWMW84L5lz,9z5kKNb5A3,0,wvq9vKlQWn,4,2021,,,2,,2021-05-08,New York Red Bulls,Toronto FC,2021-05-08 17:00,2021,0,Regular Season,NY,NY,New York Red Bulls,Red Bull Arena,25000.0,19979477,67,East,40.7367,-74.1503,1996,match_venue,11.4,2.7,18.5,open_meteo,suspected_data_error,1.0
0Oq6VPgq6D,pzeQZ6xQKw,False,,0.0,lgpMOvnQzy,vzqo2V0p5a,100,FullTime,2021-05-11 18:10:26 UTC,e7MzlRjqr0,0Oq6mxd56D,1,EGMPPnAMaY,3,2021,,,0,,2021-05-02,Vancouver Whitecaps FC,Colorado Rapids,2021-05-03 02:00,2021,0,Regular Season,VAN,VAN,Vancouver Whitecaps FC,America First Field,20213.0,2906000,52,West,40.5829,-111.8932,2011,match_venue,14.1,1.1,19.8,open_meteo,suspected_data_error,1.0
e7MzE8XQr0,EKXMeX3Q64,False,,0.0,0KPqjA456v,KAqBPWyWMb,96,FullTime,2021-05-04 13:19:17 UTC,Vj58W84M8n,2vQ10jwqrA,1,315VrXb59x,3,2021,,,4,,2021-05-01,San Jose Earthquakes,D.C. United,2021-05-02 03:00,2021,0,Regular Season,SJ,SJ,San Jose Earthquakes,PayPal Park,18000.0,1999107,47,West,37.3514,-121.925,1996,match_venue,22.8,0.0,24.8,open_meteo,suspected_data_error,1.0
2lqRa4D5r0,Vj58weDM8n,False,,0.0,9z5k7Yg5A3,0x5gXGrmq7,98,FullTime,2021-05-04 13:00:52 UTC,NWMW8ZN5lz,0Oq6vPrq6D,2,e7MzPKXqr0,3,2021,,,0,,2021-05-01,Philadelphia Union,New York City FC,2021-05-01 23:30,2021,0,Regular Season,PHI,PHI,Philadelphia Union,Subaru Park,18500.0,6245051,46,East,39.8322,-75.3789,2010,match_venue,18.9,0.0,28.4,open_meteo,suspected_data_error,1.0
eV5DWdEMKn,NWMWlBK5lz,False,,0.0,jYQJ8EW5GR,jYQJl9eG5G,98,FullTime,2021-05-05 00:01:59 UTC,vzqoJrj5ap,gjMNk8v5Kp,0,Pk5LRpDQOW,3,2021,,,3,,2021-05-01,Orlando City SC,FC Cincinnati,2021-05-01 23:30,2021,0,Regular Season,ORL,ORL,Orlando City SC,Inter&Co Stadium,25500.0,3238723,44,East,28.5411,-81.3893,2015,match_venue,31.6,0.2,22.5,open_meteo,suspected_data_error,1.0
jYQJA3yqGR,KAqBN0Vqbg,False,,0.0,19vQ2095K6,Xj5YkXOlQb,99,FullTime,2021-05-04 12:58:46 UTC,wvq9p775Wn,LeVq3j5WOJ,1,jYQJnoVQGR,3,2021,,,2,,2021-05-01,New England Revolution,Atlanta United FC,2021-05-01 23:00,2021,0,Regular Season,NE,NE,New England Revolution,Gillette Stadium,65878.0,4941632,53,East,42.091,-71.264,1996,match_venue,15.8,3.3,23.8,open_meteo,suspected_data_error,1.0
NPqxkDY59d,mvzqoLZQap,False,,0.0,APk5LGOMOW,7VqGDnlxQv,102,FullTime,2021-05-04 14:08:28 UTC,0x5gJZjM7O,KPqjO38Q6v,0,kRQa9k8QKZ,3,2021,,,0,,2021-05-01,CF Montréal,Columbus Crew,2021-05-01 19:00,2021,0,Regular Season,MTL,MTL,CF Montréal,Chase Stadium,18000.0,4292000,46,East,26.1931,-80.1611,2012,match_venue,32.0,0.1,25.6,open_meteo,suspected_data_error,1.0
N6MmpyLQEG,Z2vQ1xlqrA,False,,0.0,a2lqR4JMr0,ljqEy1xOqx,96,FullTime,2021-05-04 12:28:13 UTC,e7MzlRjqr0,kRQa9zmQKZ,1,gOMnB7AMwN,3,2021,,,3,,2021-05-01,Real Salt Lake,Sporting Kansas City,2021-05-01 18:00,2021,0,Regular Season,RSL,RSL,Real Salt Lake,America First Field,20213.0,1257936,44,West,40.5829,-111.8932,2005,match_venue,25.5,0.0,24.8,open_meteo,suspected_data_error,1.0
9Yqd8woqvJ,X0Oq66zq6D,False,,0.0,a2lqRX2Mr0,NWMWRdGNQl,97,FullTime,2021-05-14 18:41:43 UTC,NWMW84L5lz,9z5kKNb5A3,0,EGMPLlxMaY,3,2021,,,2,,2021-05-01,New York Red Bulls,Chicago Fire FC,2021-05-01 17:00,2021,0,Regular Season,NY,NY,New York Red Bulls,Red Bull Arena,25000.0,19979477,67,East,40.7367,-74.1503,1996,match_venue,17.5,0.0,30.3,open_meteo,suspected_data_error,1.0
4wM4AAk5jB,YgOMngl5wN,False,,0.0,WBLMvYAQxe,aDQ0rJAW5E,96,FullTime,2021-04-28 02:18:41 UTC,p6qbX06M0G,gpMOYv1qzy,1,e7MzPKXqr0,2,2021,,,2,,2021-04-24,Portland Timbers FC,Houston Dynamo FC,2021-04-25 02:30,2021,0,Regular Season,POR,POR,Portland Timbers FC,Providence Park,25218.0,2508050,58,West,45.5214,-122.6917,2011,match_venue,10.7,10.3,22.9,open_meteo,suspected_data_error,1.0
0Oq6mNP56D,gpMOLwl5zy,False,,0.0,pzeQZ6xQKw,xW5pXj195g,100,FullTime,2021-04-28 00:39:18 UTC,9z5ka6gQA3,0Oq6VPgq6D,3,0Oq6vG2q6D,2,2021,,,1,,2021-04-24,Colorado Rapids,Austin FC,2021-04-25 01:00,2021,0,Regular Season,COL,COL,Colorado Rapids,Dick's Sporting Goods Park,18081.0,2963821,40,West,39.8056,-104.8919,1996,match_venue,19.2,0.0,13.1,open_meteo,suspected_data_error,1.0
e7MzE8XQr0,EKXMeX3Q64,False,,0.0,19vQ2095K6,zeQZVnEDQK,98,FullTime,2021-04-28 00:34:47 UTC,wvq9p775Wn,LeVq3j5WOJ,0,wvq9vKlQWn,2,2021,,,1,,2021-04-24,New England Revolution,D.C. United,2021-04-25 00:00,2021,0,Regular Season,NE,NE,New England Revolution,Gillette Stadium,65878.0,4941632,53,East,42.091,-71.264,1996,match_venue,20.2,0.0,20.8,open_meteo,suspected_data_error,1.0
eV5DNVJQKn,mKAqBBmqbg,False,,0.0,0KPqjA456v,9vQ283Ar5K,102,FullTime,2021-04-27 15:01:07 UTC,Vj58W84M8n,2vQ10jwqrA,1,kRQa9k8QKZ,2,2021,,,3,,2021-04-24,San Jose Earthquakes,FC Dallas,2021-04-24 19:30,2021,0,Regular Season,SJ,SJ,San Jose Earthquakes,PayPal Park,18000.0,1999107,47,West,37.3514,-121.925,1996,match_venue,22.2,0.0,21.3,open_meteo,suspected_data_error,1.0
0Oq6mxd56D,lgpMOvnQzy,False,,0.0,kRQabn8MKZ,XVqK8XxaQ0,100,FullTime,2021-04-27 06:01:05 UTC,vzqoJrj5ap,vzqo2dv5ap,2,9z5kJ7gMA3,2,2021,,,2,,2021-04-24,Toronto FC,Vancouver Whitecaps FC,2021-04-24 19:00,2021,0,Regular Season,TOR,TOR,Toronto FC,Inter&Co Stadium,25500.0,6712000,69,East,28.5411,-81.3893,2007,match_venue,29.1,0.4,26.4,open_meteo,suspected_data_error,1.0
eV5DWdEMKn,NWMWlBK5lz,False,,0.0,Vj58weDM8n,4wM4wWAdQj,96,FullTime,2021-04-27 17:30:08 UTC,eVq32yn5WO,2lqRa4D5r0,0,gOMnB7AMwN,2,2021,,,5,,2021-04-24,New York City FC,FC Cincinnati,2021-04-24 17:00,2021,0,Regular Season,NYC,NYC,New York City FC,Yankee Stadium,28743.0,19979477,82,East,40.8292,-73.9264,2015,match_venue,19.8,0.0,27.0,open_meteo,suspected_data_error,1.0
gjMNk8v5Kp,jYQJ8EW5GR,False,,0.0,Z2vQ1xlqrA,odMX96x05Y,97,FullTime,2021-04-27 14:14:47 UTC,NPqxy6XQ9d,N6MmpyLQEG,1,odMX96a5YL,2,2021,,,1,,2021-04-23,Sporting Kansas City,Orlando City SC,2021-04-23 23:30,2021,0,Regular Season,SKC,SKC,Sporting Kansas City,Children's Mercy Park,18467.0,2238279,51,West,39.1214,-94.821,1996,match_venue,15.3,7.9,14.8,open_meteo,suspected_data_error,1.0
gpMOYv1qzy,WBLMvYAQxe,False,,0.0,lgpMOvnQzy,OlMlaXNN5L,99,FullTime,2021-04-21 16:38:31 UTC,e7MzlRjqr0,0Oq6mxd56D,0,vzqoWjkqap,1,2021,,,1,,2021-04-18,Vancouver Whitecaps FC,Portland Timbers FC,2021-04-19 02:00,2021,0,Regular Season,VAN,VAN,Vancouver Whitecaps FC,America First Field,20213.0,2906000,52,West,40.5829,-111.8932,2011,match_venue,15.6,0.0,15.1,open_meteo,suspected_data_error,1.0
eV5DWdEMKn,NWMWlBK5lz,False,,0.0,vzqoOgNqap,7vQ7W6EzQD,100,FullTime,2021-04-20 11:18:12 UTC,KXMe8pxQ64,gOMnDkAqwN,2,ljqExYw5x0,1,2021,,,2,,2021-04-17,Nashville SC,FC Cincinnati,2021-04-18 00:30,2021,0,Regular Season,NSH,NSH,Nashville SC,Nissan Stadium,69143.0,2107533,58,East,36.1664,-86.7714,2020,match_venue,16.8,0.5,14.3,open_meteo,suspected_data_error,1.0
N6MmpyLQEG,Z2vQ1xlqrA,False,,0.0,a2lqRX2Mr0,a35rXJaGQL,98,FullTime,2021-04-23 14:24:24 UTC,NWMW84L5lz,9z5kKNb5A3,2,KAqB3m7Qbg,1,2021,,,1,,2021-04-17,New York Red Bulls,Sporting Kansas City,2021-04-18 00:00,2021,0,Regular Season,NY,NY,New York Red Bulls,Red Bull Arena,25000.0,19979477,67,East,40.7367,-74.1503,1996,match_venue,12.1,0.3,17.5,open_meteo,suspected_data_error,1.0
vzqo2dv5ap,kRQabn8MKZ,False,,0.0,APk5LGOMOW,Pk5LJ2xNQO,99,FullTime,2021-04-18 16:54:34 UTC,0x5gJZjM7O,KPqjO38Q6v,2,e7MzPKXqr0,1,2021,,,4,,2021-04-17,CF Montréal,Toronto FC,2021-04-17 18:00,2021,0,Regular Season,MTL,MTL,CF Montréal,Chase Stadium,18000.0,4292000,46,East,26.1931,-80.1611,2012,match_venue,33.5,0.0,20.6,open_meteo,suspected_data_error,1.0
7VqGG2eqvW,0KPqjA456v,False,,0.0,WBLMvYAQxe,wvq9BrWlQW,97,FullTime,2014-10-10 03:48:52 UTC,p6qbX06M0G,NPqxkDY59d,0,EGMPPnAMaY,31,2014,,,3,,2014-10-08,Portland Timbers FC,San Jose Earthquakes,2014-10-09 02:30,2014,0,Regular Season,POR,POR,Portland Timbers FC,Providence Park,25218.0,2508050,58,West,45.5214,-122.6917,2011,match_venue,23.6,0.0,7.1,open_meteo,suspected_data_error,0.0
gjMNk8v5Kp,mKAqBBmqbg,False,,0.0,WBLMvYAQxe,vzqoe49LMa,100,FullTime,2016-01-27 23:23:58 UTC,p6qbX06M0G,NPqxkDY59d,2,0Oq6037M6D,15,2014,,,2,,2014-06-11,Portland Timbers FC,FC Dallas,2014-06-12 02:00,2014,0,Regular Season,POR,POR,Portland Timbers FC,Providence Park,25218.0,2508050,58,West,45.5214,-122.6917,2011,match_venue,24.5,0.0,9.0,open_meteo,suspected_data_error,0.0
KXMeAPkM64,9z5k7Yg5A3,False,,0.0,a2lqRX2Mr0,EGMPYGwA5a,97,FullTime,2016-01-27 20:15:13 UTC,NWMW84L5lz,aDQ009EQEv,1,odMXjR0qYL,7,2014,,,2,,2014-04-16,New York Red Bulls,Philadelphia Union,2014-04-16 23:30,2014,0,Regular Season,NY,NY,New York Red Bulls,Red Bull Arena,25000.0,19979477,67,East,40.7367,-74.1503,1996,match_venue,8.6,3.0,26.0,open_meteo,suspected_data_error,0.0
